question_id,level,block_id,concept_ids,difficulty,stem,visual_asset,option_a,option_b,option_c,option_d,correct_option,feedback_correct,feedback_wrong,repasar_tags
A01,7,confusion-matrix,confusion-matrix|false-negative,7,Observa docs/placement/assets/diagnostic-visuals/A01-confusion-matrix.svg. La matriz muestra muchos falsos negativos en un caso donde no detectar el riesgo cuesta mas que revisar de mas. Que decision es mas defendible?,docs/placement/assets/diagnostic-visuals/A01-confusion-matrix.svg,"Bajar el umbral o priorizar recall, documentando el aumento de falsos positivos.",Mantener accuracy porque resume todos los aciertos.,Elegir el modelo con menor numero de filas revisadas.,Ignorar la matriz y usar el score promedio.,A,"Correcto: el costo dominante esta en FN, por eso recall y umbral importan.","La respuesta debe citar la celda FN y el costo del error, no una metrica agregada.",L7:confusion-matrix;L7:recall
A02,10,fairness-bars,fairness|representation,10,Observa docs/placement/assets/diagnostic-visuals/A02-fairness-bars.svg. El grafico compara tasas por grupo y una brecha aparece en un grupo poco representado. Que conclusion es responsable?,docs/placement/assets/diagnostic-visuals/A02-fairness-bars.svg,"Hay una senal de revision por grupo, pero la metrica no prueba justicia total.",La metrica elimina todo sesgo si el promedio global mejora.,El grupo pequeno debe excluirse para estabilizar la tasa.,La brecha prueba causalidad del modelo.,A,"Correcto: se revisa representacion, dano y limites de la metrica.","No basta el promedio; hay que mirar grupo, incertidumbre y dano potencial.",L10:fairness;L10:representation
A03,3,uncertainty-interval,confidence-interval|bootstrap,3,Observa docs/placement/assets/diagnostic-visuals/A03-uncertainty-interval.svg. Dos intervalos se solapan y ambos provienen de muestras pequenas. Que afirmacion conserva incertidumbre?,docs/placement/assets/diagnostic-visuals/A03-uncertainty-interval.svg,La diferencia aun es incierta y requiere comunicar rango y supuesto.,El promedio mayor gana con certeza.,El solapamiento prueba que no hay ningun efecto posible.,La muestra pequena se arregla redondeando.,A,Correcto: comunica incertidumbre sin convertir una estimacion en certeza.,"La respuesta debe preservar intervalo, tamano de muestra y limites.",L3:confidence-interval;L3:bootstrap
A04,12,harness-map,model-boundary|harness-engineering,12,"Observa docs/placement/assets/diagnostic-visuals/A04-harness-map.svg. El diagrama separa modelo, contexto, permisos y traza. Que pieza decide si una accion puede ejecutarse?",docs/placement/assets/diagnostic-visuals/A04-harness-map.svg,"El harness con permisos, verificacion y criterios de parada.",El modelo por si solo porque produjo texto correcto.,La ventana de chat porque contiene la conversacion.,El usuario sin registrar el evento.,A,Correcto: el sistema alrededor del modelo gobierna accion y trazabilidad.,Confundir salida del modelo con autorizacion rompe el objetivo de L12.,L12:harness-engineering;L12:model-boundary
A05,8,cluster-scatter,k-means|anomaly-threshold,8,Observa docs/placement/assets/diagnostic-visuals/A05-cluster-scatter.svg. El scatter muestra tres grupos y un punto fronterizo. Como debe usarse ese resultado?,docs/placement/assets/diagnostic-visuals/A05-cluster-scatter.svg,Como hipotesis exploratoria que requiere revision humana y escala declarada.,Como etiqueta definitiva de clientes sin revisar.,Como prueba de causalidad entre variables.,Como prediccion supervisada con recall calculado.,A,"Correcto: clustering sugiere estructura, no dicta decisiones finales.","La respuesta debe mencionar escala, distancia y revision.",L8:k-means;L8:distance
A06,5,schema-join,schema-keys|join-cardinality,5,Observa docs/placement/assets/diagnostic-visuals/A06-schema-join.svg. El esquema muestra una llave primaria y una tabla de detalles uno-a-muchos. Que revision va antes de sumar ventas?,docs/placement/assets/diagnostic-visuals/A06-schema-join.svg,Reconciliar cardinalidad y conteos antes/despues del JOIN.,Usar INNER JOIN siempre porque es mas limpio.,Sumar despues del JOIN sin revisar duplicados.,Quitar la llave primaria para evitar sesgo.,A,Correcto: granularidad y cardinalidad protegen la unidad de analisis.,Un JOIN puede duplicar o perder unidades si no se reconcilia.,L5:join-cardinality;L5:grain
A07,1,data-table,observation|variable,1,"Observa docs/placement/assets/diagnostic-visuals/A07-data-table.svg. La tabla resalta una fila de pedido, una columna de cantidad y un valor faltante. Que identifica correctamente la unidad?",docs/placement/assets/diagnostic-visuals/A07-data-table.svg,La fila representa un pedido y la columna una variable.,La celda faltante representa toda la poblacion.,El ID se puede promediar como cantidad.,Cada columna es una muestra distinta.,A,"Correcto: fila, columna y celda tienen roles distintos.",La base de L1 es conservar unidad y significado antes de analizar.,L1:observation;L1:variable
A08,13,drift-line,data-drift|alert-threshold,13,Observa docs/placement/assets/diagnostic-visuals/A08-drift-line.svg. La linea cruza el umbral una vez y luego vuelve al baseline. Que decision evita sobrerreaccionar?,docs/placement/assets/diagnostic-visuals/A08-drift-line.svg,Esperar criterio sostenido o evidencia adicional antes de declarar incidente.,Abrir incidente critico por cualquier punto fuera del promedio.,Cambiar el modelo sin registrar baseline.,Borrar el punto que molesta.,A,Correcto: monitoreo separa variacion aislada de cambio sostenido.,"Nivel 13 pide alerta con regla, baseline y revision humana.",L13:data-drift;L13:alert-threshold
A09,11,api-contract,request-response|schema-tests,11,"Observa docs/placement/assets/diagnostic-visuals/A09-api-contract.svg. El contrato muestra request, schema y response con error 4xx controlado. Que valida el producto?",docs/placement/assets/diagnostic-visuals/A09-api-contract.svg,Que entradas invalidas fallen de forma esperada y versionada.,Que todo error devuelva 200 para no romper clientes.,Que los secretos viajen en el request.,Que no hacen falta tests si el endpoint responde.,A,Correcto: una API operable tiene fronteras y errores controlados.,"El producto de datos requiere contrato y pruebas, no solo correr.",L11:request-response;L11:schema-tests
A10,9,time-series,temporal-validation|lag-features,9,Observa docs/placement/assets/diagnostic-visuals/A10-time-series.svg. La serie muestra un corte temporal y features posteriores al corte. Que se debe hacer?,docs/placement/assets/diagnostic-visuals/A10-time-series.svg,Excluir informacion posterior y validar con ventanas temporales.,Mezclar filas futuras para mejorar accuracy.,Ordenar al azar porque aumenta diversidad.,Usar el ultimo valor del target como feature.,A,Correcto: el orden temporal gobierna features y evaluacion.,Usar futuro produce leakage temporal.,L9:temporal-validation;L9:lag-features
A11,6,regression-residuals,residuals|assumptions,6,"Observa docs/placement/assets/diagnostic-visuals/A11-regression-residuals.svg. La recta ajusta tendencia, pero los residuales forman patron. Que lectura es correcta?",docs/placement/assets/diagnostic-visuals/A11-regression-residuals.svg,"El ajuste existe, pero los supuestos y el error limitan la interpretacion.",La pendiente prueba causalidad.,Los residuales se ignoran si R2 es alto.,El intercepto arregla el patron residual.,A,Correcto: modelar incluye revisar error y supuestos.,"La respuesta debe separar ajuste, error y causalidad.",L6:residuals;L6:assumptions
A12,7,threshold-curve,precision|recall,7,"Observa docs/placement/assets/diagnostic-visuals/A12-threshold-curve.svg. Al mover el umbral sube recall y baja precision. Si el falso negativo cuesta mas, que priorizas?",docs/placement/assets/diagnostic-visuals/A12-threshold-curve.svg,Un umbral con mayor recall y costo de FP documentado.,El umbral que maximiza accuracy siempre.,El modelo con menos positivos sin mirar FN.,El score calibrado como si fuera decision automatica.,A,Correcto: decision y metrica siguen el costo del error.,No hay metrica universal; el dominio define tradeoff.,L7:recall;L7:threshold
A13,4,correlation-scatter,correlation|confounders,4,"Observa docs/placement/assets/diagnostic-visuals/A13-correlation-scatter.svg. El scatter muestra asociacion, pero el color revela grupos distintos. Que conclusion evita causalidad falsa?",docs/placement/assets/diagnostic-visuals/A13-correlation-scatter.svg,Hay asociacion; se deben revisar confusores antes de explicar causa.,La correlacion prueba que X causa Y.,Los grupos coloreados no importan si Pearson es alto.,Eliminar los grupos que cambian la pendiente.,A,Correcto: asociacion no basta para causalidad.,"Nivel 4 exige mirar forma, grupos y alternativas.",L4:correlation;L4:confounders
A14,2,histogram-shape,histogram|bins,2,Observa docs/placement/assets/diagnostic-visuals/A14-histogram-shape.svg. El histograma cambia de forma al modificar bins. Que practica es adecuada?,docs/placement/assets/diagnostic-visuals/A14-histogram-shape.svg,Comparar forma con bins razonables y explicar sensibilidad.,Elegir los bins que hacen ver la historia deseada.,Ignorar multimodalidad porque la media resume todo.,Convertir toda distribucion a una sola barra.,A,Correcto: los bins son parametro visible que afecta lectura.,Responder sin mirar forma y bins pierde el mecanismo de L2.,L2:histogram;L2:bins
A15,5,join-explosion,join-cardinality|row-explosion,5,Observa docs/placement/assets/diagnostic-visuals/A15-join-explosion.svg. El JOIN duplica pedidos al cruzar con detalles. Que senal debe detener la interpretacion?,docs/placement/assets/diagnostic-visuals/A15-join-explosion.svg,El conteo de filas aumenta sin reconciliar unidades unicas.,"El archivo tiene mas filas, por tanto mas evidencia.",LEFT JOIN siempre evita duplicados.,La suma mayor implica crecimiento real.,A,Correcto: la explosion de filas cambia el denominador.,No se interpreta una suma hasta reconciliar la unidad.,L5:join-cardinality;L5:row-explosion
A16,3,hypothesis-curve,p-value|type-i-error,3,Observa docs/placement/assets/diagnostic-visuals/A16-hypothesis-curve.svg. La curva marca region critica y alpha. Que interpretacion es valida?,docs/placement/assets/diagnostic-visuals/A16-hypothesis-curve.svg,"El p-value mide compatibilidad con H0, no probabilidad de que H0 sea cierta.",p=0.03 significa 97% de probabilidad de exito.,Alpha desaparece cuando el resultado es significativo.,Un p-value pequeno prueba efecto grande.,A,Correcto: inferencia comunica evidencia bajo supuestos.,Evita convertir p-value en certeza o tamano de efecto.,L3:p-value;L3:type-i-error
A17,10,privacy-flow,privacy|auditability,10,"Observa docs/placement/assets/diagnostic-visuals/A17-privacy-flow.svg. El flujo muestra proposito, acceso minimo y auditoria. Que requisito falta si se comparte el dataset?",docs/placement/assets/diagnostic-visuals/A17-privacy-flow.svg,"Registrar proposito, minimizacion y trazabilidad de acceso.",Compartir todo porque el analisis es educativo.,Quitar nombres pero conservar secretos unicos.,Evitar documentar para no atraer revisiones.,A,"Correcto: privacidad exige proposito y auditoria, no solo anonimizar.",Nivel 10 no permite datos sensibles sin salvaguardas.,L10:privacy;L10:auditability
A18,12,tool-skill-loop,tool-contract|skill-procedure,12,Observa docs/placement/assets/diagnostic-visuals/A18-tool-skill-loop.svg. El diagrama muestra una tool atomica y una skill con pasos reutilizables. Que distincion es correcta?,docs/placement/assets/diagnostic-visuals/A18-tool-skill-loop.svg,La tool ejecuta una capacidad acotada; la skill guia un procedimiento verificable.,Tool y skill son sinonimos si ambas aparecen en el prompt.,La skill puede saltarse permisos por ser reusable.,La tool debe cargar todo el curso en contexto.,A,Correcto: capacidades y procedimientos tienen contratos distintos.,Confundir tool/skill rompe progressive disclosure y permisos.,L12:tool-contract;L12:skill-procedure
A19,13,rollback-timeline,operational-rollback|postmortem,13,"Observa docs/placement/assets/diagnostic-visuals/A19-rollback-timeline.svg. La linea muestra deploy, alerta sostenida, rollback y postmortem. Que accion conserva responsabilidad?",docs/placement/assets/diagnostic-visuals/A19-rollback-timeline.svg,"Revertir con evidencia, preservar logs y documentar causa raiz.",Culpar al operador y borrar la traza.,Esperar a que el sistema se arregle solo.,Redisenar el harness durante el incidente.,A,Correcto: incident response contiene dano y preserva evidencia.,Nivel 13 opera y aprende sin borrar trazabilidad.,L13:rollback;L13:postmortem
A20,11,test-pyramid,unit-tests|failure-cases,11,"Observa docs/placement/assets/diagnostic-visuals/A20-test-pyramid.svg. La piramide incluye unit, integration, golden y failure cases. Que prueba protege comportamiento?",docs/placement/assets/diagnostic-visuals/A20-test-pyramid.svg,Un failure case que representa una entrada limite esperada.,Un print manual que se ve bien una vez.,Un test que solo verifica que existe el archivo.,Ignorar fixtures porque son lentos.,A,Correcto: los tests vinculan contrato con comportamiento.,L11 separa correr de conservar comportamiento correcto.,L11:failure-cases;L11:fixtures
A21,8,pca-plane,pca-components|explained-variance,8,Observa docs/placement/assets/diagnostic-visuals/A21-pca-plane.svg. El plano PCA muestra componentes y varianza explicada. Que advertencia es correcta?,docs/placement/assets/diagnostic-visuals/A21-pca-plane.svg,"Los componentes resumen combinaciones de variables, no son variables originales.",PC1 siempre es la causa principal del resultado.,PCA confirma clases supervisadas.,La varianza explicada elimina necesidad de revisar escala.,A,Correcto: PCA reduce dimension con limites interpretativos.,No confundir ejes latentes con variables originales.,L8:pca-components;L8:explained-variance
A22,9,ab-test,randomization|guardrails,9,Observa docs/placement/assets/diagnostic-visuals/A22-ab-test.svg. El A/B test muestra mejora en metrica principal y caida en guardrail. Que decision es prudente?,docs/placement/assets/diagnostic-visuals/A22-ab-test.svg,"No lanzar automaticamente; revisar efecto, intervalo y guardrail.",Lanzar porque una metrica subio.,Ignorar el grupo control si tratamiento gano.,Cambiar hipotesis despues de mirar resultados.,A,"Correcto: experimentacion balancea efecto, incertidumbre y guardrails.",Una mejora aislada no basta para decidir.,L9:ab-testing;L9:guardrails
A23,6,leakage-cutoff,leakage|feature-preparation,6,Observa docs/placement/assets/diagnostic-visuals/A23-leakage-cutoff.svg. El diagrama marca una feature calculada despues del target. Que problema hay?,docs/placement/assets/diagnostic-visuals/A23-leakage-cutoff.svg,Leakage: usa informacion no disponible al momento de decision.,Mejor feature porque conoce el futuro.,Error solo de estilo de codigo.,No importa si mejora validation.,A,Correcto: la preparacion debe respetar momento de decision.,Un modelo con futuro filtrado falla fuera del laboratorio.,L6:leakage;L6:feature-preparation
A24,2,boxplot-outlier,outliers|valid-rare-case,2,Observa docs/placement/assets/diagnostic-visuals/A24-boxplot-outlier.svg. El boxplot marca un extremo y una nota de captura. Que hacer antes de eliminarlo?,docs/placement/assets/diagnostic-visuals/A24-boxplot-outlier.svg,"Investigar si es error, faltante codificado o caso raro valido.",Eliminar todo punto fuera del bigote.,Reemplazarlo por la media sin documentar.,Declarar fraude automaticamente.,A,Correcto: un outlier se investiga antes de modificarlo.,Nivel 2 distingue error de caso raro valido.,L2:outliers;L2:valid-rare-case
A25,1,unit-variable,table|missing,1,Observa docs/placement/assets/diagnostic-visuals/A25-unit-variable.svg. La celda vacia esta en una columna numerica de una fila de pedido. Que accion inicial conserva trazabilidad?,docs/placement/assets/diagnostic-visuals/A25-unit-variable.svg,Mantener el faltante y documentar su efecto.,Cambiarlo a cero para poder sumar.,Convertir toda la columna a texto.,Borrar la fila sin revisar unidad.,A,Correcto: ausencia no es cero y debe documentarse.,La limpieza empieza conservando significado.,L1:missing;L1:table
A26,12,system-blueprint,system-blueprint|trace-reconstruction,12,"Observa docs/placement/assets/diagnostic-visuals/A26-system-blueprint.svg. El blueprint final muestra objetivo, loop, permisos, parada y traza. Que habilita el handoff a operacion?",docs/placement/assets/diagnostic-visuals/A26-system-blueprint.svg,Una trayectoria reconstruible con criterios de parada y aprobacion definidos.,Una respuesta convincente sin logs.,Un chatbot con mas autonomia y sin limites.,Un backend real aunque el laboratorio no lo necesite.,A,Correcto: L12 entrega sistema trazable listo para readiness de L13.,"Sin parada, permisos y traza no hay operacion responsable.",L12:system-blueprint;L12:trace-reconstruction
L01Q01,1,literacy,observation,1,"Diagnostico de Nivel 1 (Alfabetización de datos). Si el objetivo es ""Identificar qué unidad representa cada fila."", que respuesta demuestra dominio de Observación?",,"Aplicar observación citando unidad, evidencia y limite de conclusion.",Confundir una celda con una observación completa.,Cambiar la unidad de analisis para que la respuesta parezca mas clara.,Aceptar una conclusion automatica aunque exceda los datos disponibles.,A,Correcto: conecta Observación con una accion observable y evidencia verificable.,"Repasa Alfabetización de datos: la respuesta debe conservar unidad, evidencia, limite y el error comun del concepto.",L1:literacy;observation
L01Q02,1,literacy,population,1,"Diagnostico de Nivel 1 (Alfabetización de datos). Si el objetivo es ""Delimitar el conjunto completo definido por la pregunta."", que respuesta demuestra dominio de Población?",,"Aplicar población citando unidad, evidencia y limite de conclusion.",Llamar población a las filas que casualmente están disponibles.,Cambiar la unidad de analisis para que la respuesta parezca mas clara.,Aceptar una conclusion automatica aunque exceda los datos disponibles.,A,Correcto: conecta Población con una accion observable y evidencia verificable.,"Repasa Alfabetización de datos: la respuesta debe conservar unidad, evidencia, limite y el error comun del concepto.",L1:literacy;population
L01Q03,1,types,categorical,1,"Diagnostico de Nivel 1 (Tipos de variables). Si el objetivo es ""Reconocer etiquetas sin orden inherente."", que respuesta demuestra dominio de Categórica?",,"Aplicar categórica citando unidad, evidencia y limite de conclusion.",Tratar códigos de categorías como cantidades.,Cambiar la unidad de analisis para que la respuesta parezca mas clara.,Aceptar una conclusion automatica aunque exceda los datos disponibles.,A,Correcto: conecta Categórica con una accion observable y evidencia verificable.,"Repasa Tipos de variables: la respuesta debe conservar unidad, evidencia, limite y el error comun del concepto.",L1:types;categorical
L01Q04,1,types,text,1,"Diagnostico de Nivel 1 (Tipos de variables). Si el objetivo es ""Distinguir texto libre de categorías normalizadas."", que respuesta demuestra dominio de Texto?",,"Aplicar texto citando unidad, evidencia y limite de conclusion.",Contar cada frase completa como una categoría limpia.,Cambiar la unidad de analisis para que la respuesta parezca mas clara.,Aceptar una conclusion automatica aunque exceda los datos disponibles.,A,Correcto: conecta Texto con una accion observable y evidencia verificable.,"Repasa Tipos de variables: la respuesta debe conservar unidad, evidencia, limite y el error comun del concepto.",L1:types;text
L01Q05,1,quality,invalid,1,"Diagnostico de Nivel 1 (Calidad de datos). Si el objetivo es ""Marcar valores incompatibles sin inventar una corrección."", que respuesta demuestra dominio de Rangos inválidos?",,"Aplicar rangos inválidos citando unidad, evidencia y limite de conclusion.",Cambiar 500 a 50 o borrar 30 porque parecen grandes.,Cambiar la unidad de analisis para que la respuesta parezca mas clara.,Aceptar una conclusion automatica aunque exceda los datos disponibles.,A,Correcto: conecta Rangos inválidos con una accion observable y evidencia verificable.,"Repasa Calidad de datos: la respuesta debe conservar unidad, evidencia, limite y el error comun del concepto.",L1:quality;invalid
L01Q06,1,preparation,sort,1,"Diagnostico de Nivel 1 (Preparación básica). Si el objetivo es ""Cambiar la posición de filas sin alterar sus valores."", que respuesta demuestra dominio de Ordenar?",,"Aplicar ordenar citando unidad, evidencia y limite de conclusion.",Interpretar el primer registro ordenado como el primero temporal.,Cambiar la unidad de analisis para que la respuesta parezca mas clara.,Aceptar una conclusion automatica aunque exceda los datos disponibles.,A,Correcto: conecta Ordenar con una accion observable y evidencia verificable.,"Repasa Preparación básica: la respuesta debe conservar unidad, evidencia, limite y el error comun del concepto.",L1:preparation;sort
L02Q01,2,summary,mean,2,"Diagnostico de Nivel 2 (Resumen numérico). Si el objetivo es ""Calcular e interpretar la media como punto de equilibrio."", que respuesta demuestra dominio de Media?",,"Aplicar media citando unidad, evidencia y limite de conclusion.",Tratar la media como un valor típico aunque existan extremos o asimetría.,Cambiar la unidad de analisis para que la respuesta parezca mas clara.,Aceptar una conclusion automatica aunque exceda los datos disponibles.,A,Correcto: conecta Media con una accion observable y evidencia verificable.,"Repasa Resumen numérico: la respuesta debe conservar unidad, evidencia, limite y el error comun del concepto.",L2:summary;mean
L02Q02,2,summary,range,2,"Diagnostico de Nivel 2 (Resumen numérico). Si el objetivo es ""Calcular la extensión total entre mínimo y máximo."", que respuesta demuestra dominio de Rango?",,"Aplicar rango citando unidad, evidencia y limite de conclusion.",Usarlo como descripción completa de variabilidad.,Cambiar la unidad de analisis para que la respuesta parezca mas clara.,Aceptar una conclusion automatica aunque exceda los datos disponibles.,A,Correcto: conecta Rango con una accion observable y evidencia verificable.,"Repasa Resumen numérico: la respuesta debe conservar unidad, evidencia, limite y el error comun del concepto.",L2:summary;range
L02Q03,2,distribution,histogram,2,"Diagnostico de Nivel 2 (Distribuciones). Si el objetivo es ""Construir e interpretar frecuencias de una variable numérica por intervalos."", que respuesta demuestra dominio de Histograma?",,"Aplicar histograma citando unidad, evidencia y limite de conclusion.",Confundirlo con barras categóricas o leer cada barra como una observación.,Cambiar la unidad de analisis para que la respuesta parezca mas clara.,Aceptar una conclusion automatica aunque exceda los datos disponibles.,A,Correcto: conecta Histograma con una accion observable y evidencia verificable.,"Repasa Distribuciones: la respuesta debe conservar unidad, evidencia, limite y el error comun del concepto.",L2:distribution;histogram
L02Q04,2,distribution,skew,2,"Diagnostico de Nivel 2 (Distribuciones). Si el objetivo es ""Reconocer asimetría y la dirección de una cola prolongada."", que respuesta demuestra dominio de Sesgo?",,"Aplicar sesgo citando unidad, evidencia y limite de conclusion.",Nombrar el sesgo por el lado donde se concentra la mayoría.,Cambiar la unidad de analisis para que la respuesta parezca mas clara.,Aceptar una conclusion automatica aunque exceda los datos disponibles.,A,Correcto: conecta Sesgo con una accion observable y evidencia verificable.,"Repasa Distribuciones: la respuesta debe conservar unidad, evidencia, limite y el error comun del concepto.",L2:distribution;skew
L02Q05,2,comparison,boxplot,2,"Diagnostico de Nivel 2 (Comparación visual). Si el objetivo es ""Comparar mediana, cuartiles, extensión y puntos extremos entre grupos."", que respuesta demuestra dominio de Boxplot?",,"Aplicar boxplot citando unidad, evidencia y limite de conclusion.",Asumir normalidad o interpretar todo punto exterior como error.,Cambiar la unidad de analisis para que la respuesta parezca mas clara.,Aceptar una conclusion automatica aunque exceda los datos disponibles.,A,Correcto: conecta Boxplot con una accion observable y evidencia verificable.,"Repasa Comparación visual: la respuesta debe conservar unidad, evidencia, limite y el error comun del concepto.",L2:comparison;boxplot
L02Q06,2,outliers,outliers,2,"Diagnostico de Nivel 2 (Valores atípicos). Si el objetivo es ""Detectar observaciones alejadas y formular preguntas antes de excluirlas."", que respuesta demuestra dominio de Outliers?",,"Aplicar outliers citando unidad, evidencia y limite de conclusion.",Eliminar todo valor exterior a 1.5 IQR sin revisar dominio ni impacto.,Cambiar la unidad de analisis para que la respuesta parezca mas clara.,Aceptar una conclusion automatica aunque exceda los datos disponibles.,A,Correcto: conecta Outliers con una accion observable y evidencia verificable.,"Repasa Valores atípicos: la respuesta debe conservar unidad, evidencia, limite y el error comun del concepto.",L2:outliers;outliers
L03Q01,3,probability,event,3,"Diagnostico de Nivel 3 (Probabilidad básica). Si el objetivo es ""Identificar un evento como subconjunto de resultados posibles."", que respuesta demuestra dominio de Evento?",,"Aplicar evento citando unidad, evidencia y limite de conclusion.",Confundir el evento con una fila individual o con toda la tabla.,Cambiar la unidad de analisis para que la respuesta parezca mas clara.,Aceptar una conclusion automatica aunque exceda los datos disponibles.,A,Correcto: conecta Evento con una accion observable y evidencia verificable.,"Repasa Probabilidad básica: la respuesta debe conservar unidad, evidencia, limite y el error comun del concepto.",L3:probability;event
L03Q02,3,probability,conditional-probability,3,"Diagnostico de Nivel 3 (Probabilidad básica). Si el objetivo es ""Calcular una probabilidad dentro de un subconjunto dado."", que respuesta demuestra dominio de Probabilidad condicional?",,"Aplicar probabilidad condicional citando unidad, evidencia y limite de conclusion.",Mantener el denominador total después de filtrar por la condición.,Cambiar la unidad de analisis para que la respuesta parezca mas clara.,Aceptar una conclusion automatica aunque exceda los datos disponibles.,A,Correcto: conecta Probabilidad condicional con una accion observable y evidencia verificable.,"Repasa Probabilidad básica: la respuesta debe conservar unidad, evidencia, limite y el error comun del concepto.",L3:probability;conditional-probability
L03Q03,3,random-variables,normal,3,"Diagnostico de Nivel 3 (Variables aleatorias). Si el objetivo es ""Reconocer una distribución continua simétrica como aproximación útil bajo supuestos."", que respuesta demuestra dominio de Normal?",,"Aplicar normal citando unidad, evidencia y limite de conclusion.","Usar la normal sin revisar forma, escala o si la variable es continua.",Cambiar la unidad de analisis para que la respuesta parezca mas clara.,Aceptar una conclusion automatica aunque exceda los datos disponibles.,A,Correcto: conecta Normal con una accion observable y evidencia verificable.,"Repasa Variables aleatorias: la respuesta debe conservar unidad, evidencia, limite y el error comun del concepto.",L3:random-variables;normal
L03Q04,3,sampling,selection-bias,3,"Diagnostico de Nivel 3 (Muestreo). Si el objetivo es ""Detectar cuándo el proceso de selección cambia el grupo observado."", que respuesta demuestra dominio de Sesgo de selección?",,"Aplicar sesgo de selección citando unidad, evidencia y limite de conclusion.",Confundir una muestra grande con una muestra representativa.,Cambiar la unidad de analisis para que la respuesta parezca mas clara.,Aceptar una conclusion automatica aunque exceda los datos disponibles.,A,Correcto: conecta Sesgo de selección con una accion observable y evidencia verificable.,"Repasa Muestreo: la respuesta debe conservar unidad, evidencia, limite y el error comun del concepto.",L3:sampling;selection-bias
L03Q05,3,uncertainty,confidence-interval,3,"Diagnostico de Nivel 3 (Incertidumbre). Si el objetivo es ""Comunicar una estimación con un rango de incertidumbre bajo un método."", que respuesta demuestra dominio de Intervalo de confianza?",,"Aplicar intervalo de confianza citando unidad, evidencia y limite de conclusion.",Decir que hay 95% de probabilidad de que el parámetro fijo esté dentro del intervalo observado.,Cambiar la unidad de analisis para que la respuesta parezca mas clara.,Aceptar una conclusion automatica aunque exceda los datos disponibles.,A,Correcto: conecta Intervalo de confianza con una accion observable y evidencia verificable.,"Repasa Incertidumbre: la respuesta debe conservar unidad, evidencia, limite y el error comun del concepto.",L3:uncertainty;confidence-interval
L03Q06,3,hypothesis,p-value,3,"Diagnostico de Nivel 3 (Pruebas de hipótesis). Si el objetivo es ""Interpretar p-value como rareza de la evidencia bajo una hipótesis nula."", que respuesta demuestra dominio de p-value?",,"Aplicar p-value citando unidad, evidencia y limite de conclusion.",Decir que es la probabilidad de que H0 sea verdadera.,Cambiar la unidad de analisis para que la respuesta parezca mas clara.,Aceptar una conclusion automatica aunque exceda los datos disponibles.,A,Correcto: conecta p-value con una accion observable y evidencia verificable.,"Repasa Pruebas de hipótesis: la respuesta debe conservar unidad, evidencia, limite y el error comun del concepto.",L3:hypothesis;p-value
L04Q01,4,visual-relation,scatterplot,4,"Diagnostico de Nivel 4 (Relación visual). Si el objetivo es ""Construir una nube de puntos para dos variables numéricas."", que respuesta demuestra dominio de Scatterplot?",,"Aplicar scatterplot citando unidad, evidencia y limite de conclusion.","Convertir asociación en causa o ignorar grupos, extremos y denominadores.",Cambiar la unidad de analisis para que la respuesta parezca mas clara.,Aceptar una conclusion automatica aunque exceda los datos disponibles.,A,Correcto: conecta Scatterplot con una accion observable y evidencia verificable.,"Repasa Relación visual: la respuesta debe conservar unidad, evidencia, limite y el error comun del concepto.",L4:visual-relation;scatterplot
L04Q02,4,visual-relation,relationship-shape,4,"Diagnostico de Nivel 4 (Relación visual). Si el objetivo es ""Distinguir patrón lineal, curvo y ausencia de patrón."", que respuesta demuestra dominio de Forma de relación?",,"Aplicar forma de relación citando unidad, evidencia y limite de conclusion.","Convertir asociación en causa o ignorar grupos, extremos y denominadores.",Cambiar la unidad de analisis para que la respuesta parezca mas clara.,Aceptar una conclusion automatica aunque exceda los datos disponibles.,A,Correcto: conecta Forma de relación con una accion observable y evidencia verificable.,"Repasa Relación visual: la respuesta debe conservar unidad, evidencia, limite y el error comun del concepto.",L4:visual-relation;relationship-shape
L04Q03,4,correlation,strength,4,"Diagnostico de Nivel 4 (Correlación). Si el objetivo es ""Comparar qué tan estrecho es un patrón."", que respuesta demuestra dominio de Fuerza?",,"Aplicar fuerza citando unidad, evidencia y limite de conclusion.","Convertir asociación en causa o ignorar grupos, extremos y denominadores.",Cambiar la unidad de analisis para que la respuesta parezca mas clara.,Aceptar una conclusion automatica aunque exceda los datos disponibles.,A,Correcto: conecta Fuerza con una accion observable y evidencia verificable.,"Repasa Correlación: la respuesta debe conservar unidad, evidencia, limite y el error comun del concepto.",L4:correlation;strength
L04Q04,4,correlation,spearman,4,"Diagnostico de Nivel 4 (Correlación). Si el objetivo es ""Calcular asociación monótona con rangos."", que respuesta demuestra dominio de Spearman?",,"Aplicar spearman citando unidad, evidencia y limite de conclusion.","Convertir asociación en causa o ignorar grupos, extremos y denominadores.",Cambiar la unidad de analisis para que la respuesta parezca mas clara.,Aceptar una conclusion automatica aunque exceda los datos disponibles.,A,Correcto: conecta Spearman con una accion observable y evidencia verificable.,"Repasa Correlación: la respuesta debe conservar unidad, evidencia, limite y el error comun del concepto.",L4:correlation;spearman
L04Q05,4,confounding,confounders,4,"Diagnostico de Nivel 4 (Confusión). Si el objetivo es ""Reconocer una tercera variable que distorsiona asociación."", que respuesta demuestra dominio de Confusores?",,"Aplicar confusores citando unidad, evidencia y limite de conclusion.","Convertir asociación en causa o ignorar grupos, extremos y denominadores.",Cambiar la unidad de analisis para que la respuesta parezca mas clara.,Aceptar una conclusion automatica aunque exceda los datos disponibles.,A,Correcto: conecta Confusores con una accion observable y evidencia verificable.,"Repasa Confusión: la respuesta debe conservar unidad, evidencia, limite y el error comun del concepto.",L4:confounding;confounders
L04Q06,4,cross-tabs,proportions,4,"Diagnostico de Nivel 4 (Tablas cruzadas). Si el objetivo es ""Comparar eventos usando denominadores explícitos."", que respuesta demuestra dominio de Proporciones?",,"Aplicar proporciones citando unidad, evidencia y limite de conclusion.","Convertir asociación en causa o ignorar grupos, extremos y denominadores.",Cambiar la unidad de analisis para que la respuesta parezca mas clara.,Aceptar una conclusion automatica aunque exceda los datos disponibles.,A,Correcto: conecta Proporciones con una accion observable y evidencia verificable.,"Repasa Tablas cruzadas: la respuesta debe conservar unidad, evidencia, limite y el error comun del concepto.",L4:cross-tabs;proportions
L05Q01,5,architecture,grain,5,"Diagnostico de Nivel 5 (Arquitectura invisible de los datos). Si el objetivo es ""Aplicar unidad y granularidad y justificar una decisión con evidencia verificable."", que respuesta demuestra dominio de Unidad y granularidad?",,"Aplicar unidad y granularidad citando unidad, evidencia y limite de conclusion.","Dar por válido unidad y granularidad sin reconciliar las marcas visibles, la unidad y el límite del procedimiento.",Cambiar la unidad de analisis para que la respuesta parezca mas clara.,Aceptar una conclusion automatica aunque exceda los datos disponibles.,A,Correcto: conecta Unidad y granularidad con una accion observable y evidencia verificable.,"Repasa Arquitectura invisible de los datos: la respuesta debe conservar unidad, evidencia, limite y el error comun del concepto.",L5:architecture;grain
L05Q02,5,sql-questions,aggregation-groups,5,"Diagnostico de Nivel 5 (SQL para hacer preguntas). Si el objetivo es ""Aplicar agregación y grupos y justificar una decisión con evidencia verificable."", que respuesta demuestra dominio de Agregación y grupos?",,"Aplicar agregación y grupos citando unidad, evidencia y limite de conclusion.","Dar por válido agregación y grupos sin reconciliar las marcas visibles, la unidad y el límite del procedimiento.",Cambiar la unidad de analisis para que la respuesta parezca mas clara.,Aceptar una conclusion automatica aunque exceda los datos disponibles.,A,Correcto: conecta Agregación y grupos con una accion observable y evidencia verificable.,"Repasa SQL para hacer preguntas: la respuesta debe conservar unidad, evidencia, limite y el error comun del concepto.",L5:sql-questions;aggregation-groups
L05Q03,5,joins,join-row-explosion,5,"Diagnostico de Nivel 5 (Relaciones y JOINs). Si el objetivo es ""Aplicar explosión de filas en un join y justificar una decisión con evidencia verificable."", que respuesta demuestra dominio de Explosión de filas en un JOIN?",,"Aplicar explosión de filas en un join citando unidad, evidencia y limite de conclusion.","Dar por válido explosión de filas en un join sin reconciliar las marcas visibles, la unidad y el límite del procedimiento.",Cambiar la unidad de analisis para que la respuesta parezca mas clara.,Aceptar una conclusion automatica aunque exceda los datos disponibles.,A,Correcto: conecta Explosión de filas en un JOIN con una accion observable y evidencia verificable.,"Repasa Relaciones y JOINs: la respuesta debe conservar unidad, evidencia, limite y el error comun del concepto.",L5:joins;join-row-explosion
L05Q04,5,analytic-sql,lag-cutoff,5,"Diagnostico de Nivel 5 (SQL analítico y tiempo). Si el objetivo es ""Aplicar rezagos y fecha de corte y justificar una decisión con evidencia verificable."", que respuesta demuestra dominio de Rezagos y fecha de corte?",,"Aplicar rezagos y fecha de corte citando unidad, evidencia y limite de conclusion.","Dar por válido rezagos y fecha de corte sin reconciliar las marcas visibles, la unidad y el límite del procedimiento.",Cambiar la unidad de analisis para que la respuesta parezca mas clara.,Aceptar una conclusion automatica aunque exceda los datos disponibles.,A,Correcto: conecta Rezagos y fecha de corte con una accion observable y evidencia verificable.,"Repasa SQL analítico y tiempo: la respuesta debe conservar unidad, evidencia, limite y el error comun del concepto.",L5:analytic-sql;lag-cutoff
L05Q05,5,abt,entity-deduplication,5,"Diagnostico de Nivel 5 (Construcción de la tabla analítica). Si el objetivo es ""Aplicar deduplicación por entidad y justificar una decisión con evidencia verificable."", que respuesta demuestra dominio de Deduplicación por entidad?",,"Aplicar deduplicación por entidad citando unidad, evidencia y limite de conclusion.","Dar por válido deduplicación por entidad sin reconciliar las marcas visibles, la unidad y el límite del procedimiento.",Cambiar la unidad de analisis para que la respuesta parezca mas clara.,Aceptar una conclusion automatica aunque exceda los datos disponibles.,A,Correcto: conecta Deduplicación por entidad con una accion observable y evidencia verificable.,"Repasa Construcción de la tabla analítica: la respuesta debe conservar unidad, evidencia, limite y el error comun del concepto.",L5:abt;entity-deduplication
L05Q06,5,modern-sources,duckdb-polars,5,"Diagnostico de Nivel 5 (Fuentes y formatos modernos). Si el objetivo es ""Aplicar duckdb y polars y justificar una decisión con evidencia verificable."", que respuesta demuestra dominio de DuckDB y Polars?",,"Aplicar duckdb y polars citando unidad, evidencia y limite de conclusion.","Dar por válido duckdb y polars sin reconciliar las marcas visibles, la unidad y el límite del procedimiento.",Cambiar la unidad de analisis para que la respuesta parezca mas clara.,Aceptar una conclusion automatica aunque exceda los datos disponibles.,A,Correcto: conecta DuckDB y Polars con una accion observable y evidencia verificable.,"Repasa Fuentes y formatos modernos: la respuesta debe conservar unidad, evidencia, limite y el error comun del concepto.",L5:modern-sources;duckdb-polars
L06Q01,6,linear-regression,fit,6,"Diagnostico de Nivel 6 (Regresión lineal). Si el objetivo es ""Ajustar una recta descriptiva conservando puntos y errores."", que respuesta demuestra dominio de Ajuste?",,"Aplicar ajuste citando unidad, evidencia y limite de conclusion.","Presentar ajuste en muestra como desempeño futuro, causalidad o decisión automática.",Cambiar la unidad de analisis para que la respuesta parezca mas clara.,Aceptar una conclusion automatica aunque exceda los datos disponibles.,A,Correcto: conecta Ajuste con una accion observable y evidencia verificable.,"Repasa Regresión lineal: la respuesta debe conservar unidad, evidencia, limite y el error comun del concepto.",L6:linear-regression;fit
L06Q02,6,linear-regression,residuals,6,"Diagnostico de Nivel 6 (Regresión lineal). Si el objetivo es ""Calcular observado menos ajustado."", que respuesta demuestra dominio de Residuales?",,"Aplicar residuales citando unidad, evidencia y limite de conclusion.","Presentar ajuste en muestra como desempeño futuro, causalidad o decisión automática.",Cambiar la unidad de analisis para que la respuesta parezca mas clara.,Aceptar una conclusion automatica aunque exceda los datos disponibles.,A,Correcto: conecta Residuales con una accion observable y evidencia verificable.,"Repasa Regresión lineal: la respuesta debe conservar unidad, evidencia, limite y el error comun del concepto.",L6:linear-regression;residuals
L06Q03,6,multiple-regression,interaction,6,"Diagnostico de Nivel 6 (Regresión múltiple). Si el objetivo es ""Representar que una asociación depende de otra entrada."", que respuesta demuestra dominio de Interacción?",,"Aplicar interacción citando unidad, evidencia y limite de conclusion.","Presentar ajuste en muestra como desempeño futuro, causalidad o decisión automática.",Cambiar la unidad de analisis para que la respuesta parezca mas clara.,Aceptar una conclusion automatica aunque exceda los datos disponibles.,A,Correcto: conecta Interacción con una accion observable y evidencia verificable.,"Repasa Regresión múltiple: la respuesta debe conservar unidad, evidencia, limite y el error comun del concepto.",L6:multiple-regression;interaction
L06Q04,6,classification,score,6,"Diagnostico de Nivel 6 (Clasificación). Si el objetivo es ""Distinguir un valor ordenable de una decisión."", que respuesta demuestra dominio de Score?",,"Aplicar score citando unidad, evidencia y limite de conclusion.","Presentar ajuste en muestra como desempeño futuro, causalidad o decisión automática.",Cambiar la unidad de analisis para que la respuesta parezca mas clara.,Aceptar una conclusion automatica aunque exceda los datos disponibles.,A,Correcto: conecta Score con una accion observable y evidencia verificable.,"Repasa Clasificación: la respuesta debe conservar unidad, evidencia, limite y el error comun del concepto.",L6:classification;score
L06Q05,6,interpretable-models,decision-tree,6,"Diagnostico de Nivel 6 (Modelos interpretables). Si el objetivo es ""Recorrer divisiones binarias reproducibles."", que respuesta demuestra dominio de Árbol de decisión?",,"Aplicar árbol de decisión citando unidad, evidencia y limite de conclusion.","Presentar ajuste en muestra como desempeño futuro, causalidad o decisión automática.",Cambiar la unidad de analisis para que la respuesta parezca mas clara.,Aceptar una conclusion automatica aunque exceda los datos disponibles.,A,Correcto: conecta Árbol de decisión con una accion observable y evidencia verificable.,"Repasa Modelos interpretables: la respuesta debe conservar unidad, evidencia, limite y el error comun del concepto.",L6:interpretable-models;decision-tree
L06Q06,6,feature-preparation,encoding,6,"Diagnostico de Nivel 6 (Preparación de variables). Si el objetivo es ""Representar categorías sin imponer orden falso."", que respuesta demuestra dominio de Encoding?",,"Aplicar encoding citando unidad, evidencia y limite de conclusion.","Presentar ajuste en muestra como desempeño futuro, causalidad o decisión automática.",Cambiar la unidad de analisis para que la respuesta parezca mas clara.,Aceptar una conclusion automatica aunque exceda los datos disponibles.,A,Correcto: conecta Encoding con una accion observable y evidencia verificable.,"Repasa Preparación de variables: la respuesta debe conservar unidad, evidencia, limite y el error comun del concepto.",L6:feature-preparation;encoding
L07Q01,7,data-partition,train,7,"Diagnostico de Nivel 7 (Partición de datos). Si el objetivo es ""Asignar datos al ajuste sin mezclarlos con evaluación."", que respuesta demuestra dominio de Train?",,"Aplicar train citando unidad, evidencia y limite de conclusion.",Convertir una salida exploratoria o una métrica aislada en una decisión automática.,Cambiar la unidad de analisis para que la respuesta parezca mas clara.,Aceptar una conclusion automatica aunque exceda los datos disponibles.,A,Correcto: conecta Train con una accion observable y evidencia verificable.,"Repasa Partición de datos: la respuesta debe conservar unidad, evidencia, limite y el error comun del concepto.",L7:data-partition;train
L07Q02,7,regression-error,mae,7,"Diagnostico de Nivel 7 (Error de regresión). Si el objetivo es ""Interpretar el error absoluto medio en pedidos."", que respuesta demuestra dominio de MAE?",,"Aplicar mae citando unidad, evidencia y limite de conclusion.",Convertir una salida exploratoria o una métrica aislada en una decisión automática.,Cambiar la unidad de analisis para que la respuesta parezca mas clara.,Aceptar una conclusion automatica aunque exceda los datos disponibles.,A,Correcto: conecta MAE con una accion observable y evidencia verificable.,"Repasa Error de regresión: la respuesta debe conservar unidad, evidencia, limite y el error comun del concepto.",L7:regression-error;mae
L07Q03,7,confusion-matrix,true-positive,7,"Diagnostico de Nivel 7 (Matriz de confusión). Si el objetivo es ""Traducir un acierto de alerta al turno."", que respuesta demuestra dominio de TP?",,"Aplicar tp citando unidad, evidencia y limite de conclusion.",Convertir una salida exploratoria o una métrica aislada en una decisión automática.,Cambiar la unidad de analisis para que la respuesta parezca mas clara.,Aceptar una conclusion automatica aunque exceda los datos disponibles.,A,Correcto: conecta TP con una accion observable y evidencia verificable.,"Repasa Matriz de confusión: la respuesta debe conservar unidad, evidencia, limite y el error comun del concepto.",L7:confusion-matrix;true-positive
L07Q04,7,classification-metrics,precision,7,"Diagnostico de Nivel 7 (Métricas de clasificación). Si el objetivo es ""Medir qué fracción de alertas acertó."", que respuesta demuestra dominio de Precision?",,"Aplicar precision citando unidad, evidencia y limite de conclusion.",Convertir una salida exploratoria o una métrica aislada en una decisión automática.,Cambiar la unidad de analisis para que la respuesta parezca mas clara.,Aceptar una conclusion automatica aunque exceda los datos disponibles.,A,Correcto: conecta Precision con una accion observable y evidencia verificable.,"Repasa Métricas de clasificación: la respuesta debe conservar unidad, evidencia, limite y el error comun del concepto.",L7:classification-metrics;precision
L07Q05,7,curves-calibration,roc,7,"Diagnostico de Nivel 7 (Curvas y calibración). Si el objetivo es ""Comparar TPR y FPR a través de umbrales."", que respuesta demuestra dominio de ROC?",,"Aplicar roc citando unidad, evidencia y limite de conclusion.",Convertir una salida exploratoria o una métrica aislada en una decisión automática.,Cambiar la unidad de analisis para que la respuesta parezca mas clara.,Aceptar una conclusion automatica aunque exceda los datos disponibles.,A,Correcto: conecta ROC con una accion observable y evidencia verificable.,"Repasa Curvas y calibración: la respuesta debe conservar unidad, evidencia, limite y el error comun del concepto.",L7:curves-calibration;roc
L07Q06,7,generalization,bias,7,"Diagnostico de Nivel 7 (Generalización). Si el objetivo es ""Reconocer error sistemático por modelo demasiado simple."", que respuesta demuestra dominio de Bias?",,"Aplicar bias citando unidad, evidencia y limite de conclusion.",Convertir una salida exploratoria o una métrica aislada en una decisión automática.,Cambiar la unidad de analisis para que la respuesta parezca mas clara.,Aceptar una conclusion automatica aunque exceda los datos disponibles.,A,Correcto: conecta Bias con una accion observable y evidencia verificable.,"Repasa Generalización: la respuesta debe conservar unidad, evidencia, limite y el error comun del concepto.",L7:generalization;bias
L08Q01,8,clustering,distance,8,"Diagnostico de Nivel 8 (Clustering). Si el objetivo es ""Comparar cercanía solo después de fijar escala."", que respuesta demuestra dominio de Distancia?",,"Aplicar distancia citando unidad, evidencia y limite de conclusion.",Convertir una salida exploratoria o una métrica aislada en una decisión automática.,Cambiar la unidad de analisis para que la respuesta parezca mas clara.,Aceptar una conclusion automatica aunque exceda los datos disponibles.,A,Correcto: conecta Distancia con una accion observable y evidencia verificable.,"Repasa Clustering: la respuesta debe conservar unidad, evidencia, limite y el error comun del concepto.",L8:clustering;distance
L08Q02,8,clustering,k-means,8,"Diagnostico de Nivel 8 (Clustering). Si el objetivo es ""Recorrer asignación y actualización de centros."", que respuesta demuestra dominio de K-means?",,"Aplicar k-means citando unidad, evidencia y limite de conclusion.",Convertir una salida exploratoria o una métrica aislada en una decisión automática.,Cambiar la unidad de analisis para que la respuesta parezca mas clara.,Aceptar una conclusion automatica aunque exceda los datos disponibles.,A,Correcto: conecta K-means con una accion observable y evidencia verificable.,"Repasa Clustering: la respuesta debe conservar unidad, evidencia, limite y el error comun del concepto.",L8:clustering;k-means
L08Q03,8,clustering,cluster-count,8,"Diagnostico de Nivel 8 (Clustering). Si el objetivo es ""Comparar k sin declarar una verdad única."", que respuesta demuestra dominio de Número de grupos?",,"Aplicar número de grupos citando unidad, evidencia y limite de conclusion.",Convertir una salida exploratoria o una métrica aislada en una decisión automática.,Cambiar la unidad de analisis para que la respuesta parezca mas clara.,Aceptar una conclusion automatica aunque exceda los datos disponibles.,A,Correcto: conecta Número de grupos con una accion observable y evidencia verificable.,"Repasa Clustering: la respuesta debe conservar unidad, evidencia, limite y el error comun del concepto.",L8:clustering;cluster-count
L08Q04,8,dimensionality-reduction,components,8,"Diagnostico de Nivel 8 (Reducción dimensional). Si el objetivo es ""Leer componentes mediante sus cargas."", que respuesta demuestra dominio de Componentes?",,"Aplicar componentes citando unidad, evidencia y limite de conclusion.",Convertir una salida exploratoria o una métrica aislada en una decisión automática.,Cambiar la unidad de analisis para que la respuesta parezca mas clara.,Aceptar una conclusion automatica aunque exceda los datos disponibles.,A,Correcto: conecta Componentes con una accion observable y evidencia verificable.,"Repasa Reducción dimensional: la respuesta debe conservar unidad, evidencia, limite y el error comun del concepto.",L8:dimensionality-reduction;components
L08Q05,8,dimensionality-reduction,explained-variance,8,"Diagnostico de Nivel 8 (Reducción dimensional). Si el objetivo es ""Decidir cuántas componentes conservar."", que respuesta demuestra dominio de Varianza explicada?",,"Aplicar varianza explicada citando unidad, evidencia y limite de conclusion.",Convertir una salida exploratoria o una métrica aislada en una decisión automática.,Cambiar la unidad de analisis para que la respuesta parezca mas clara.,Aceptar una conclusion automatica aunque exceda los datos disponibles.,A,Correcto: conecta Varianza explicada con una accion observable y evidencia verificable.,"Repasa Reducción dimensional: la respuesta debe conservar unidad, evidencia, limite y el error comun del concepto.",L8:dimensionality-reduction;explained-variance
L08Q06,8,anomaly-detection,isolation,8,"Diagnostico de Nivel 8 (Detección de anomalías). Si el objetivo es ""Relacionar pocos cortes con aislamiento."", que respuesta demuestra dominio de Aislamiento?",,"Aplicar aislamiento citando unidad, evidencia y limite de conclusion.",Convertir una salida exploratoria o una métrica aislada en una decisión automática.,Cambiar la unidad de analisis para que la respuesta parezca mas clara.,Aceptar una conclusion automatica aunque exceda los datos disponibles.,A,Correcto: conecta Aislamiento con una accion observable y evidencia verificable.,"Repasa Detección de anomalías: la respuesta debe conservar unidad, evidencia, limite y el error comun del concepto.",L8:anomaly-detection;isolation
L09Q01,9,time-series,trend,9,"Diagnostico de Nivel 9 (Series de tiempo). Si el objetivo es ""Describir cambio de largo plazo sin atribuir causa."", que respuesta demuestra dominio de Tendencia?",,"Aplicar tendencia citando unidad, evidencia y limite de conclusion.",Convertir una salida exploratoria o una métrica aislada en una decisión automática.,Cambiar la unidad de analisis para que la respuesta parezca mas clara.,Aceptar una conclusion automatica aunque exceda los datos disponibles.,A,Correcto: conecta Tendencia con una accion observable y evidencia verificable.,"Repasa Series de tiempo: la respuesta debe conservar unidad, evidencia, limite y el error comun del concepto.",L9:time-series;trend
L09Q02,9,time-series,lag,9,"Diagnostico de Nivel 9 (Series de tiempo). Si el objetivo es ""Vincular un valor actual con otro anterior sin mezclar fechas."", que respuesta demuestra dominio de Rezago?",,"Aplicar rezago citando unidad, evidencia y limite de conclusion.",Convertir una salida exploratoria o una métrica aislada en una decisión automática.,Cambiar la unidad de analisis para que la respuesta parezca mas clara.,Aceptar una conclusion automatica aunque exceda los datos disponibles.,A,Correcto: conecta Rezago con una accion observable y evidencia verificable.,"Repasa Series de tiempo: la respuesta debe conservar unidad, evidencia, limite y el error comun del concepto.",L9:time-series;lag
L09Q03,9,temporal-validation,windows,9,"Diagnostico de Nivel 9 (Validación temporal). Si el objetivo es ""Definir qué pasado está disponible en cada corte."", que respuesta demuestra dominio de Ventanas temporales?",,"Aplicar ventanas temporales citando unidad, evidencia y limite de conclusion.",Convertir una salida exploratoria o una métrica aislada en una decisión automática.,Cambiar la unidad de analisis para que la respuesta parezca mas clara.,Aceptar una conclusion automatica aunque exceda los datos disponibles.,A,Correcto: conecta Ventanas temporales con una accion observable y evidencia verificable.,"Repasa Validación temporal: la respuesta debe conservar unidad, evidencia, limite y el error comun del concepto.",L9:temporal-validation;windows
L09Q04,9,ab-testing,random-assignment,9,"Diagnostico de Nivel 9 (A/B testing). Si el objetivo es ""Asignar 400 prepedidos a A/B antes del resultado."", que respuesta demuestra dominio de Asignación aleatoria?",,"Aplicar asignación aleatoria citando unidad, evidencia y limite de conclusion.",Convertir una salida exploratoria o una métrica aislada en una decisión automática.,Cambiar la unidad de analisis para que la respuesta parezca mas clara.,Aceptar una conclusion automatica aunque exceda los datos disponibles.,A,Correcto: conecta Asignación aleatoria con una accion observable y evidencia verificable.,"Repasa A/B testing: la respuesta debe conservar unidad, evidencia, limite y el error comun del concepto.",L9:ab-testing;random-assignment
L09Q05,9,ab-testing,sample-size,9,"Diagnostico de Nivel 9 (A/B testing). Si el objetivo es ""Fijar tamaño antes de observar el efecto."", que respuesta demuestra dominio de Tamaño de muestra?",,"Aplicar tamaño de muestra citando unidad, evidencia y limite de conclusion.",Convertir una salida exploratoria o una métrica aislada en una decisión automática.,Cambiar la unidad de analisis para que la respuesta parezca mas clara.,Aceptar una conclusion automatica aunque exceda los datos disponibles.,A,Correcto: conecta Tamaño de muestra con una accion observable y evidencia verificable.,"Repasa A/B testing: la respuesta debe conservar unidad, evidencia, limite y el error comun del concepto.",L9:ab-testing;sample-size
L09Q06,9,experimentation,guardrails,9,"Diagnostico de Nivel 9 (Experimentación). Si el objetivo es ""Comprobar que el efecto no rompa capacidad."", que respuesta demuestra dominio de Guardrails?",,"Aplicar guardrails citando unidad, evidencia y limite de conclusion.",Convertir una salida exploratoria o una métrica aislada en una decisión automática.,Cambiar la unidad de analisis para que la respuesta parezca mas clara.,Aceptar una conclusion automatica aunque exceda los datos disponibles.,A,Correcto: conecta Guardrails con una accion observable y evidencia verificable.,"Repasa Experimentación: la respuesta debe conservar unidad, evidencia, limite y el error comun del concepto.",L9:experimentation;guardrails
L10Q01,10,ethics,representation,10,"Diagnostico de Nivel 10 (Ética y sesgo). Si el objetivo es ""Auditar quién aparece y quién falta antes de generalizar."", que respuesta demuestra dominio de Representación?",,"Aplicar representación citando unidad, evidencia y limite de conclusion.",Convertir una salida exploratoria o una métrica aislada en una decisión automática.,Cambiar la unidad de analisis para que la respuesta parezca mas clara.,Aceptar una conclusion automatica aunque exceda los datos disponibles.,A,Correcto: conecta Representación con una accion observable y evidencia verificable.,"Repasa Ética y sesgo: la respuesta debe conservar unidad, evidencia, limite y el error comun del concepto.",L10:ethics;representation
L10Q02,10,ethics,harm,10,"Diagnostico de Nivel 10 (Ética y sesgo). Si el objetivo es ""Trazar consecuencias concentradas que un promedio puede ocultar."", que respuesta demuestra dominio de Daño?",,"Aplicar daño citando unidad, evidencia y limite de conclusion.",Convertir una salida exploratoria o una métrica aislada en una decisión automática.,Cambiar la unidad de analisis para que la respuesta parezca mas clara.,Aceptar una conclusion automatica aunque exceda los datos disponibles.,A,Correcto: conecta Daño con una accion observable y evidencia verificable.,"Repasa Ética y sesgo: la respuesta debe conservar unidad, evidencia, limite y el error comun del concepto.",L10:ethics;harm
L10Q03,10,communication,uncertainty-communication,10,"Diagnostico de Nivel 10 (Comunicación). Si el objetivo es ""Presentar estimación, rango y supuestos juntos."", que respuesta demuestra dominio de Comunicación de incertidumbre?",,"Aplicar comunicación de incertidumbre citando unidad, evidencia y limite de conclusion.",Convertir una salida exploratoria o una métrica aislada en una decisión automática.,Cambiar la unidad de analisis para que la respuesta parezca mas clara.,Aceptar una conclusion automatica aunque exceda los datos disponibles.,A,Correcto: conecta Comunicación de incertidumbre con una accion observable y evidencia verificable.,"Repasa Comunicación: la respuesta debe conservar unidad, evidencia, limite y el error comun del concepto.",L10:communication;uncertainty-communication
L10Q04,10,reproducibility,seeds,10,"Diagnostico de Nivel 10 (Reproducibilidad). Si el objetivo es ""Repetir aleatoriedad computacional y probar sensibilidad."", que respuesta demuestra dominio de Semillas?",,"Aplicar semillas citando unidad, evidencia y limite de conclusion.",Convertir una salida exploratoria o una métrica aislada en una decisión automática.,Cambiar la unidad de analisis para que la respuesta parezca mas clara.,Aceptar una conclusion automatica aunque exceda los datos disponibles.,A,Correcto: conecta Semillas con una accion observable y evidencia verificable.,"Repasa Reproducibilidad: la respuesta debe conservar unidad, evidencia, limite y el error comun del concepto.",L10:reproducibility;seeds
L10Q05,10,reproducibility,clean-notebook,10,"Diagnostico de Nivel 10 (Reproducibilidad). Si el objetivo es ""Ejecutar carga, validación, análisis y salida sin estado oculto."", que respuesta demuestra dominio de Notebook limpio?",,"Aplicar notebook limpio citando unidad, evidencia y limite de conclusion.",Convertir una salida exploratoria o una métrica aislada en una decisión automática.,Cambiar la unidad de analisis para que la respuesta parezca mas clara.,Aceptar una conclusion automatica aunque exceda los datos disponibles.,A,Correcto: conecta Notebook limpio con una accion observable y evidencia verificable.,"Repasa Reproducibilidad: la respuesta debe conservar unidad, evidencia, limite y el error comun del concepto.",L10:reproducibility;clean-notebook
L10Q06,10,mini-project,project-analysis,10,"Diagnostico de Nivel 10 (Mini-proyecto). Si el objetivo es ""Encadenar operaciones compatibles con pregunta y datos."", que respuesta demuestra dominio de Análisis del proyecto?",,"Aplicar análisis del proyecto citando unidad, evidencia y limite de conclusion.",Convertir una salida exploratoria o una métrica aislada en una decisión automática.,Cambiar la unidad de analisis para que la respuesta parezca mas clara.,Aceptar una conclusion automatica aunque exceda los datos disponibles.,A,Correcto: conecta Análisis del proyecto con una accion observable y evidencia verificable.,"Repasa Mini-proyecto: la respuesta debe conservar unidad, evidencia, limite y el error comun del concepto.",L10:mini-project;project-analysis
L11Q01,11,notebook-project,notebook-to-verifiable-pipeline,11,"Diagnostico de Nivel 11 (Del notebook al proyecto). Si el objetivo es ""Aplicar notebook frente a producción y justificar una decisión con evidencia verificable."", que respuesta demuestra dominio de Notebook frente a producción?",,"Aplicar notebook frente a producción citando unidad, evidencia y limite de conclusion.","Dar por válido notebook frente a producción sin reconciliar las marcas visibles, la unidad y el límite del procedimiento.",Cambiar la unidad de analisis para que la respuesta parezca mas clara.,Aceptar una conclusion automatica aunque exceda los datos disponibles.,A,Correcto: conecta Notebook frente a producción con una accion observable y evidencia verificable.,"Repasa Del notebook al proyecto: la respuesta debe conservar unidad, evidencia, limite y el error comun del concepto.",L11:notebook-project;notebook-to-verifiable-pipeline
L11Q02,11,code-contracts,functions-modules,11,"Diagnostico de Nivel 11 (Código modular y contratos). Si el objetivo es ""Aplicar funciones y módulos y justificar una decisión con evidencia verificable."", que respuesta demuestra dominio de Funciones y módulos?",,"Aplicar funciones y módulos citando unidad, evidencia y limite de conclusion.","Dar por válido funciones y módulos sin reconciliar las marcas visibles, la unidad y el límite del procedimiento.",Cambiar la unidad de analisis para que la respuesta parezca mas clara.,Aceptar una conclusion automatica aunque exceda los datos disponibles.,A,Correcto: conecta Funciones y módulos con una accion observable y evidencia verificable.,"Repasa Código modular y contratos: la respuesta debe conservar unidad, evidencia, limite y el error comun del concepto.",L11:code-contracts;functions-modules
L11Q03,11,testing,regression-failure-tests,11,"Diagnostico de Nivel 11 (Testing para datos y ML). Si el objetivo es ""Aplicar regression, golden y failure cases y justificar una decisión con evidencia verificable."", que respuesta demuestra dominio de Regression, golden y failure cases?",,"Aplicar regression, golden y failure cases citando unidad, evidencia y limite de conclusion.","Dar por válido regression, golden y failure cases sin reconciliar las marcas visibles, la unidad y el límite del procedimiento.",Cambiar la unidad de analisis para que la respuesta parezca mas clara.,Aceptar una conclusion automatica aunque exceda los datos disponibles.,A,"Correcto: conecta Regression, golden y failure cases con una accion observable y evidencia verificable.","Repasa Testing para datos y ML: la respuesta debe conservar unidad, evidencia, limite y el error comun del concepto.",L11:testing;regression-failure-tests
L11Q04,11,service-contracts,errors-versioning,11,"Diagnostico de Nivel 11 (APIs y contratos de servicio). Si el objetivo es ""Aplicar errores y versionado y justificar una decisión con evidencia verificable."", que respuesta demuestra dominio de Errores y versionado?",,"Aplicar errores y versionado citando unidad, evidencia y limite de conclusion.","Dar por válido errores y versionado sin reconciliar las marcas visibles, la unidad y el límite del procedimiento.",Cambiar la unidad de analisis para que la respuesta parezca mas clara.,Aceptar una conclusion automatica aunque exceda los datos disponibles.,A,Correcto: conecta Errores y versionado con una accion observable y evidencia verificable.,"Repasa APIs y contratos de servicio: la respuesta debe conservar unidad, evidencia, limite y el error comun del concepto.",L11:service-contracts;errors-versioning
L11Q05,11,packaging,runtime-artifact,11,"Diagnostico de Nivel 11 (Empaquetado y entornos). Si el objetivo es ""Aplicar runtime y artefacto y justificar una decisión con evidencia verificable."", que respuesta demuestra dominio de Runtime y artefacto?",,"Aplicar runtime y artefacto citando unidad, evidencia y limite de conclusion.","Dar por válido runtime y artefacto sin reconciliar las marcas visibles, la unidad y el límite del procedimiento.",Cambiar la unidad de analisis para que la respuesta parezca mas clara.,Aceptar una conclusion automatica aunque exceda los datos disponibles.,A,Correcto: conecta Runtime y artefacto con una accion observable y evidencia verificable.,"Repasa Empaquetado y entornos: la respuesta debe conservar unidad, evidencia, limite y el error comun del concepto.",L11:packaging;runtime-artifact
L11Q06,11,continuous-delivery,ci-cd,11,"Diagnostico de Nivel 11 (Integración y entrega continua). Si el objetivo es ""Aplicar ci frente a cd y justificar una decisión con evidencia verificable."", que respuesta demuestra dominio de CI frente a CD?",,"Aplicar ci frente a cd citando unidad, evidencia y limite de conclusion.","Dar por válido ci frente a cd sin reconciliar las marcas visibles, la unidad y el límite del procedimiento.",Cambiar la unidad de analisis para que la respuesta parezca mas clara.,Aceptar una conclusion automatica aunque exceda los datos disponibles.,A,Correcto: conecta CI frente a CD con una accion observable y evidencia verificable.,"Repasa Integración y entrega continua: la respuesta debe conservar unidad, evidencia, limite y el error comun del concepto.",L11:continuous-delivery;ci-cd
L12Q01,12,model-systems,model-boundary,12,"Diagnostico de Nivel 12 (Del modelo al sistema). Si el objetivo es ""Aplicar modelo e inferencia y justificar una decisión con evidencia verificable."", que respuesta demuestra dominio de Modelo e inferencia?",,"Aplicar modelo e inferencia citando unidad, evidencia y limite de conclusion.",Llamar agente a cualquier chatbot o asumir que más autonomía produce un sistema mejor.,Cambiar la unidad de analisis para que la respuesta parezca mas clara.,Aceptar una conclusion automatica aunque exceda los datos disponibles.,A,Correcto: conecta Modelo e inferencia con una accion observable y evidencia verificable.,"Repasa Del modelo al sistema: la respuesta debe conservar unidad, evidencia, limite y el error comun del concepto.",L12:model-systems;model-boundary
L12Q02,12,context-knowledge,context-assembly,12,"Diagnostico de Nivel 12 (Contexto y conocimiento). Si el objetivo es ""Aplicar context assembly y compaction y justificar una decisión con evidencia verificable."", que respuesta demuestra dominio de Context assembly y compaction?",,"Aplicar context assembly y compaction citando unidad, evidencia y limite de conclusion.",Llamar agente a cualquier chatbot o asumir que más autonomía produce un sistema mejor.,Cambiar la unidad de analisis para que la respuesta parezca mas clara.,Aceptar una conclusion automatica aunque exceda los datos disponibles.,A,Correcto: conecta Context assembly y compaction con una accion observable y evidencia verificable.,"Repasa Contexto y conocimiento: la respuesta debe conservar unidad, evidencia, limite y el error comun del concepto.",L12:context-knowledge;context-assembly
L12Q03,12,tools-skills-disclosure,tool-contract,12,"Diagnostico de Nivel 12 (Tools, skills y disclosure). Si el objetivo es ""Aplicar contrato de tool y justificar una decisión con evidencia verificable."", que respuesta demuestra dominio de Contrato de tool?",,"Aplicar contrato de tool citando unidad, evidencia y limite de conclusion.",Llamar agente a cualquier chatbot o asumir que más autonomía produce un sistema mejor.,Cambiar la unidad de analisis para que la respuesta parezca mas clara.,Aceptar una conclusion automatica aunque exceda los datos disponibles.,A,Correcto: conecta Contrato de tool con una accion observable y evidencia verificable.,"Repasa Tools, skills y disclosure: la respuesta debe conservar unidad, evidencia, limite y el error comun del concepto.",L12:tools-skills-disclosure;tool-contract
L12Q04,12,loops-state-stop,agent-loop,12,"Diagnostico de Nivel 12 (Loops, estado y parada). Si el objetivo es ""Aplicar agent loop y justificar una decisión con evidencia verificable."", que respuesta demuestra dominio de Agent loop?",,"Aplicar agent loop citando unidad, evidencia y limite de conclusion.",Llamar agente a cualquier chatbot o asumir que más autonomía produce un sistema mejor.,Cambiar la unidad de analisis para que la respuesta parezca mas clara.,Aceptar una conclusion automatica aunque exceda los datos disponibles.,A,Correcto: conecta Agent loop con una accion observable y evidencia verificable.,"Repasa Loops, estado y parada: la respuesta debe conservar unidad, evidencia, limite y el error comun del concepto.",L12:loops-state-stop;agent-loop
L12Q05,12,harness-environment,harness-engineering,12,"Diagnostico de Nivel 12 (Harness y entorno). Si el objetivo es ""Aplicar harness engineering y justificar una decisión con evidencia verificable."", que respuesta demuestra dominio de Harness engineering?",,"Aplicar harness engineering citando unidad, evidencia y limite de conclusion.",Llamar agente a cualquier chatbot o asumir que más autonomía produce un sistema mejor.,Cambiar la unidad de analisis para que la respuesta parezca mas clara.,Aceptar una conclusion automatica aunque exceda los datos disponibles.,A,Correcto: conecta Harness engineering con una accion observable y evidencia verificable.,"Repasa Harness y entorno: la respuesta debe conservar unidad, evidencia, limite y el error comun del concepto.",L12:harness-environment;harness-engineering
L12Q06,12,interop-delegation,mcp-interoperability,12,"Diagnostico de Nivel 12 (Interoperabilidad y delegación). Si el objetivo es ""Aplicar mcp e interoperabilidad y justificar una decisión con evidencia verificable."", que respuesta demuestra dominio de MCP e interoperabilidad?",,"Aplicar mcp e interoperabilidad citando unidad, evidencia y limite de conclusion.",Llamar agente a cualquier chatbot o asumir que más autonomía produce un sistema mejor.,Cambiar la unidad de analisis para que la respuesta parezca mas clara.,Aceptar una conclusion automatica aunque exceda los datos disponibles.,A,Correcto: conecta MCP e interoperabilidad con una accion observable y evidencia verificable.,"Repasa Interoperabilidad y delegación: la respuesta debe conservar unidad, evidencia, limite y el error comun del concepto.",L12:interop-delegation;mcp-interoperability
L13Q01,13,operational-readiness,operational-readiness,13,"Diagnostico de Nivel 13 (Readiness operativo). Si el objetivo es ""Decidir si un sistema de IA trazable puede entrar en operación bajo límites explícitos."", que respuesta demuestra dominio de Readiness operativo?",,"Aplicar readiness operativo citando unidad, evidencia y limite de conclusion.",Convertir una salida exploratoria o una métrica aislada en una decisión automática.,Cambiar la unidad de analisis para que la respuesta parezca mas clara.,Aceptar una conclusion automatica aunque exceda los datos disponibles.,A,Correcto: conecta Readiness operativo con una accion observable y evidencia verificable.,"Repasa Readiness operativo: la respuesta debe conservar unidad, evidencia, limite y el error comun del concepto.",L13:operational-readiness;operational-readiness
L13Q02,13,operational-readiness,rollback,13,"Diagnostico de Nivel 13 (Readiness operativo). Si el objetivo es ""Diseñar condición, estado seguro y verificación antes del incidente."", que respuesta demuestra dominio de Rollback?",,"Aplicar rollback citando unidad, evidencia y limite de conclusion.",Convertir una salida exploratoria o una métrica aislada en una decisión automática.,Cambiar la unidad de analisis para que la respuesta parezca mas clara.,Aceptar una conclusion automatica aunque exceda los datos disponibles.,A,Correcto: conecta Rollback con una accion observable y evidencia verificable.,"Repasa Readiness operativo: la respuesta debe conservar unidad, evidencia, limite y el error comun del concepto.",L13:operational-readiness;rollback
L13Q03,13,monitoring,performance-drift,13,"Diagnostico de Nivel 13 (Monitoreo). Si el objetivo es ""Seguir deterioro con resultados confirmados y retraso explícito."", que respuesta demuestra dominio de Performance drift?",,"Aplicar performance drift citando unidad, evidencia y limite de conclusion.",Convertir una salida exploratoria o una métrica aislada en una decisión automática.,Cambiar la unidad de analisis para que la respuesta parezca mas clara.,Aceptar una conclusion automatica aunque exceda los datos disponibles.,A,Correcto: conecta Performance drift con una accion observable y evidencia verificable.,"Repasa Monitoreo: la respuesta debe conservar unidad, evidencia, limite y el error comun del concepto.",L13:monitoring;performance-drift
L13Q04,13,incident-response,triage,13,"Diagnostico de Nivel 13 (Respuesta a incidentes). Si el objetivo es ""Priorizar por daño, alcance y reversibilidad."", que respuesta demuestra dominio de Triage?",,"Aplicar triage citando unidad, evidencia y limite de conclusion.",Convertir una salida exploratoria o una métrica aislada en una decisión automática.,Cambiar la unidad de analisis para que la respuesta parezca mas clara.,Aceptar una conclusion automatica aunque exceda los datos disponibles.,A,Correcto: conecta Triage con una accion observable y evidencia verificable.,"Repasa Respuesta a incidentes: la respuesta debe conservar unidad, evidencia, limite y el error comun del concepto.",L13:incident-response;triage
L13Q05,13,incident-response,operational-rollback,13,"Diagnostico de Nivel 13 (Respuesta a incidentes). Si el objetivo es ""Ejecutar reversión con responsables y comprobación."", que respuesta demuestra dominio de Rollback operativo?",,"Aplicar rollback operativo citando unidad, evidencia y limite de conclusion.",Convertir una salida exploratoria o una métrica aislada en una decisión automática.,Cambiar la unidad de analisis para que la respuesta parezca mas clara.,Aceptar una conclusion automatica aunque exceda los datos disponibles.,A,Correcto: conecta Rollback operativo con una accion observable y evidencia verificable.,"Repasa Respuesta a incidentes: la respuesta debe conservar unidad, evidencia, limite y el error comun del concepto.",L13:incident-response;operational-rollback
L13Q06,13,responsible-handoff,runbook,13,"Diagnostico de Nivel 13 (Entrega responsable). Si el objetivo es ""Convertir señales en pasos verificables y escalamiento."", que respuesta demuestra dominio de Runbook?",,"Aplicar runbook citando unidad, evidencia y limite de conclusion.",Convertir una salida exploratoria o una métrica aislada en una decisión automática.,Cambiar la unidad de analisis para que la respuesta parezca mas clara.,Aceptar una conclusion automatica aunque exceda los datos disponibles.,A,Correcto: conecta Runbook con una accion observable y evidencia verificable.,"Repasa Entrega responsable: la respuesta debe conservar unidad, evidencia, limite y el error comun del concepto.",L13:responsible-handoff;runbook
