Nivel,Tema,Concepto,Ejercicio
"1","Alfabetización de datos","Observación","¿Qué representa la fila P-002?"
"1","Alfabetización de datos","Variable","¿Qué variable ayuda a calcular cuántos tacos preparar?"
"1","Alfabetización de datos","Tabla","¿Qué vuelve interpretable el valor 3 de P-002?"
"1","Alfabetización de datos","Población","Si la pregunta cubre dos noches completas, ¿cuál es la población?"
"1","Alfabetización de datos","Muestra","¿Qué limita a las páginas legibles?"
"1","Tipos de variables","Numérica","¿Qué variable permite calcular una diferencia útil?"
"1","Tipos de variables","Categórica","¿Qué operación es compatible con tipo_taco?"
"1","Tipos de variables","Ordinal","¿Qué afirmación respeta el tipo ordinal?"
"1","Tipos de variables","Fecha","¿Qué valor identifica un momento completo?"
"1","Tipos de variables","Texto","¿Qué práctica conserva trazabilidad en comentario?"
"1","Calidad de datos","Faltantes","¿Qué debe hacerse inicialmente con num_tacos de P-003?"
"1","Calidad de datos","Duplicados","¿Qué confirma que P-006 es duplicado?"
"1","Calidad de datos","Rangos inválidos","¿Cuál tratamiento está respaldado?"
"1","Calidad de datos","Sesgo de medición","¿Qué evidencia sugiere sesgo de medición?"
"1","Preparación básica","Filtrar","¿Qué cambia después del filtro?"
"1","Preparación básica","Ordenar","¿Qué afirma correctamente la vista ordenada?"
"1","Preparación básica","Agrupar","¿Qué debe acompañar a 'agrupar por tipo_taco'?"
"1","Preparación básica","Transformar","¿Qué vuelve verificable la transformación?"
"2","Resumen numérico","Media","Al añadir el pedido grande, ¿qué marcador se desplaza más?"
"2","Resumen numérico","Media","¿Qué comparación visible impide llamar típico al pedido grande?"
"2","Resumen numérico","Mediana","Después de ordenar y añadir el extremo, ¿qué centro conserva mejor su posición?"
"2","Resumen numérico","Mediana","¿Qué par de marcas queda más separado en el estado final?"
"2","Resumen numérico","Moda","Al destacar la frecuencia máxima, ¿qué tamaño queda marcado?"
"2","Resumen numérico","Moda","¿Qué barra sostiene la preparación de más bolsas?"
"2","Resumen numérico","Rango","¿Qué le ocurre al rango cuando el máximo pasa al nuevo extremo?"
"2","Resumen numérico","Rango","¿Qué marcas determinan el rango final mostrado?"
"2","Resumen numérico","Varianza","¿Qué ocurre con la banda de dispersión al añadir el pedido grande?"
"2","Resumen numérico","Varianza","¿Qué evidencia muestra el peso cuadrático del extremo?"
"2","Resumen numérico","Desviación estándar","En el estado comparado, ¿qué cambio se observa en ±1 DE?"
"2","Resumen numérico","Desviación estándar","¿Qué salida visible conserva la unidad útil para Don Juan?"
"2","Resumen numérico","Percentiles","¿Qué secuencia de cortes aparece al recorrer P25, P50 y P75?"
"2","Resumen numérico","Percentiles","En P75, ¿dónde queda el corte observado?"
"2","Distribuciones","Histograma","Al cambiar de 7 a 22 bins, ¿qué permanece fijo en la etiqueta?"
"2","Distribuciones","Histograma","¿Qué cambia visiblemente entre el primer y el último estado?"
"2","Distribuciones","Densidad","¿Qué curva conserva más ondulaciones?"
"2","Distribuciones","Densidad","¿Qué pasa al aumentar la banda hasta 2?"
"2","Distribuciones","Forma","¿Qué comparación de tamaños de grupo muestran jueves y domingo?"
"2","Distribuciones","Forma","¿Qué elemento cambia al pasar de todos los pedidos a domingo?"
"2","Distribuciones","Sesgo","¿Hacia qué lado queda resaltada la cola?"
"2","Distribuciones","Sesgo","¿Qué pedidos ocupan la zona sombreada final?"
"2","Distribuciones","Multimodalidad","¿Cuántas concentraciones principales aparecen en los minutos del turno?"
"2","Distribuciones","Multimodalidad","¿Qué separación aparece en el estado final?"
"2","Distribuciones","Bins","¿Qué estado muestra el mayor detalle de intervalos?"
"2","Distribuciones","Bins","¿Qué patrón es comprobable en los tres estados?"
"2","Comparación visual","Gráfico de barras","¿Qué tipo de taco tiene la barra más alta?"
"2","Comparación visual","Gráfico de barras","¿Qué operación representan las etiquetas finales?"
"2","Comparación visual","Boxplot","¿Qué modalidad muestra la mediana más a la derecha?"
"2","Comparación visual","Boxplot","¿Qué diferencia visible acompaña a las cajas?"
"2","Comparación visual","Violin plot","¿Qué día muestra el menor tamaño de grupo en las etiquetas?"
"2","Comparación visual","Violin plot","¿Qué cambia al recorrer las tres bandas?"
"2","Comparación visual","ECDF","En el umbral final de 8 tacos, ¿qué modalidad acumula mayor proporción?"
"2","Comparación visual","ECDF","En el primer umbral de 2 tacos, ¿qué curva estaba más alta?"
"2","Valores atípicos","Outliers","¿Qué valor queda marcado más allá de la cerca superior?"
"2","Valores atípicos","Outliers","¿Qué acción acompaña al máximo en el estado final?"
"2","Valores atípicos","Leverage","¿Qué ocurre al retirar el minuto extremo de la recta descriptiva?"
"2","Valores atípicos","Leverage","¿Qué combinación muestra el estado final?"
"2","Valores atípicos","Error de captura","¿Qué caso nuevo mezcla un total de turno con un pedido?"
"2","Valores atípicos","Error de captura","¿Qué par queda clasificado como error confirmado?"
"2","Valores atípicos","Caso raro válido","¿Qué casos muestran los comprobantes como raros válidos?"
"2","Valores atípicos","Caso raro válido","¿Qué acción visible corresponde a esos dos casos?"
"3","Probabilidad básica","Evento","Observa unidades seleccionadas y cita una marca visible. Incidente guiado de Evento: ¿Qué convierte a 'especie Adelie' en un evento?"
"3","Probabilidad básica","Evento","Observa unidades seleccionadas y cita una marca visible. Incidente de transferencia de Evento: Si cambias la regla del evento, ¿qué debe cambiar en la evidencia?"
"3","Probabilidad básica","Complemento","Observa partición completa y cita una marca visible. Incidente guiado de Complemento: Si el evento es 'Adelie', ¿qué representa el complemento?"
"3","Probabilidad básica","Complemento","Observa partición completa y cita una marca visible. Incidente de transferencia de Complemento: ¿Qué debe cumplirse para usar P(no A) = 1 - P(A)?"
"3","Probabilidad básica","Independencia","Observa celdas y tasas condicionadas y cita una marca visible. Incidente guiado de Independencia: ¿Qué evidencia contradice independencia entre especie e isla?"
"3","Probabilidad básica","Independencia","Observa celdas y tasas condicionadas y cita una marca visible. Incidente de transferencia de Independencia: ¿Qué conclusión prudente permite la comparación?"
"3","Probabilidad básica","Probabilidad condicional","Observa universo, condición y evento y cita una marca visible. Incidente guiado de Probabilidad condicional: Para P(Adelie | Torgersen), ¿cuál es el denominador correcto?"
"3","Probabilidad básica","Probabilidad condicional","Observa universo, condición y evento y cita una marca visible. Incidente de transferencia de Probabilidad condicional: ¿Qué error comete quien usa el total de 344 como denominador después del filtro?"
"3","Variables aleatorias","Bernoulli","Observa ensayos 0/1 y cita una marca visible. Incidente guiado de Bernoulli: ¿Qué representa un 1 en la variable Bernoulli de alta demanda?"
"3","Variables aleatorias","Bernoulli","Observa ensayos 0/1 y cita una marca visible. Incidente de transferencia de Bernoulli: Al subir el umbral de éxito, ¿qué debe ocurrir con la proporción de unos?"
"3","Variables aleatorias","Binomial","Observa tallos y masa de probabilidad y cita una marca visible. Incidente guiado de Binomial: ¿Qué cambia al pasar de Bernoulli a Binomial?"
"3","Variables aleatorias","Binomial","Observa tallos y masa de probabilidad y cita una marca visible. Incidente de transferencia de Binomial: Si n aumenta y p se mantiene, ¿qué interpretación del conteo es prudente?"
"3","Variables aleatorias","Normal","Observa centro y curva de densidad y cita una marca visible. Incidente guiado de Normal: ¿Qué rasgo visual sugiere una aproximación normal razonable?"
"3","Variables aleatorias","Normal","Observa centro y curva de densidad y cita una marca visible. Incidente de transferencia de Normal: ¿Cuál es el límite correcto al usar la normal aquí?"
"3","Variables aleatorias","Poisson","Observa eventos y conteos por ventana y cita una marca visible. Incidente guiado de Poisson: ¿Qué condición hace razonable pensar en Poisson?"
"3","Variables aleatorias","Poisson","Observa eventos y conteos por ventana y cita una marca visible. Incidente de transferencia de Poisson: ¿Qué sería una mala comparación para Poisson?"
"3","Muestreo","Variabilidad muestral","Observa puntos de estimaciones repetidas y cita una marca visible. Incidente guiado de Variabilidad muestral: ¿Por qué las medias de muestra no son idénticas?"
"3","Muestreo","Variabilidad muestral","Observa puntos de estimaciones repetidas y cita una marca visible. Incidente de transferencia de Variabilidad muestral: ¿Qué decisión es prudente con una muestra pequeña y muy alta?"
"3","Muestreo","Sesgo de selección","Observa marcos y distribuciones comparadas y cita una marca visible. Incidente guiado de Sesgo de selección: ¿Qué evidencia indica sesgo de selección?"
"3","Muestreo","Sesgo de selección","Observa marcos y distribuciones comparadas y cita una marca visible. Incidente de transferencia de Sesgo de selección: ¿Qué debe reportarse junto con una estimación de muestra sesgada?"
"3","Muestreo","Ley de los grandes números","Observa trayectoria de la media acumulada y cita una marca visible. Incidente guiado de Ley de los grandes números: ¿Qué patrón ilustra la ley de los grandes números?"
"3","Muestreo","Ley de los grandes números","Observa trayectoria de la media acumulada y cita una marca visible. Incidente de transferencia de Ley de los grandes números: ¿Qué NO promete esta ley?"
"3","Incertidumbre","Error estándar","Observa intervalos frente a n y cita una marca visible. Incidente guiado de Error estándar: ¿Qué reduce el error estándar de la media?"
"3","Incertidumbre","Error estándar","Observa intervalos frente a n y cita una marca visible. Incidente de transferencia de Error estándar: ¿Qué diferencia clave hay entre DE y error estándar?"
"3","Incertidumbre","Intervalo de confianza","Observa intervalos repetidos y cita una marca visible. Incidente guiado de Intervalo de confianza: ¿Qué interpretación es correcta para un intervalo del 95%?"
"3","Incertidumbre","Intervalo de confianza","Observa intervalos repetidos y cita una marca visible. Incidente de transferencia de Intervalo de confianza: ¿Qué hace un nivel de confianza más alto si n se mantiene?"
"3","Incertidumbre","Bootstrap","Observa distribución de remuestras y cita una marca visible. Incidente guiado de Bootstrap: ¿Qué produce una corrida bootstrap?"
"3","Incertidumbre","Bootstrap","Observa distribución de remuestras y cita una marca visible. Incidente de transferencia de Bootstrap: ¿Qué limitación debe reportarse al usar bootstrap?"
"3","Pruebas de hipótesis","Hipótesis","Observa distribución nula y estadístico y cita una marca visible. Incidente guiado de Hipótesis: ¿Qué hace que una hipótesis sea estadística?"
"3","Pruebas de hipótesis","Hipótesis","Observa distribución nula y estadístico y cita una marca visible. Incidente de transferencia de Hipótesis: ¿Qué conclusión prudente sale antes del p-value?"
"3","Pruebas de hipótesis","p-value","Observa cola extrema sombreada y cita una marca visible. Incidente guiado de p-value: ¿Qué probabilidad representa el p-value?"
"3","Pruebas de hipótesis","p-value","Observa cola extrema sombreada y cita una marca visible. Incidente de transferencia de p-value: ¿Qué debe acompañar a un p-value pequeño?"
"3","Pruebas de hipótesis","Error tipo I","Observa región de rechazo y cita una marca visible. Incidente guiado de Error tipo I: ¿Qué representa alpha en este contexto?"
"3","Pruebas de hipótesis","Error tipo I","Observa región de rechazo y cita una marca visible. Incidente de transferencia de Error tipo I: ¿Qué pasa si aumentas alpha de 0.01 a 0.10?"
"3","Pruebas de hipótesis","Error tipo II","Observa área beta entre curvas y cita una marca visible. Incidente guiado de Error tipo II: ¿Qué describe un error tipo II?"
"3","Pruebas de hipótesis","Error tipo II","Observa área beta entre curvas y cita una marca visible. Incidente de transferencia de Error tipo II: ¿Qué significa 'no significativo' con baja potencia?"
"3","Pruebas de hipótesis","Potencia","Observa curva de potencia y cita una marca visible. Incidente guiado de Potencia: ¿Qué suele aumentar la potencia?"
"3","Pruebas de hipótesis","Potencia","Observa curva de potencia y cita una marca visible. Incidente de transferencia de Potencia: ¿Qué debe especificarse al reportar potencia?"
"4","Relación visual","Scatterplot","Observa puntos de la nube y cita una marca visible. ¿Qué lectura de scatterplot está respaldada por el incidente guiado?"
"4","Relación visual","Scatterplot","Observa puntos de la nube y cita una marca visible. Al transferir scatterplot a otro grupo, ¿qué debe conservarse?"
"4","Relación visual","Tendencia","Observa puntos y línea descriptiva y cita una marca visible. ¿Qué lectura de tendencia está respaldada por el incidente guiado?"
"4","Relación visual","Tendencia","Observa puntos y línea descriptiva y cita una marca visible. Al transferir tendencia a otro grupo, ¿qué debe conservarse?"
"4","Relación visual","Forma de relación","Observa paneles lineal, curvo y sin patrón y cita una marca visible. ¿Qué lectura de forma de relación está respaldada por el incidente guiado?"
"4","Relación visual","Forma de relación","Observa paneles lineal, curvo y sin patrón y cita una marca visible. Al transferir forma de relación a otro grupo, ¿qué debe conservarse?"
"4","Relación visual","Grupos","Observa puntos identificados por grupo y cita una marca visible. ¿Qué lectura de grupos está respaldada por el incidente guiado?"
"4","Relación visual","Grupos","Observa puntos identificados por grupo y cita una marca visible. Al transferir grupos a otro grupo, ¿qué debe conservarse?"
"4","Correlación","Dirección","Observa pendientes positiva, negativa y nula y cita una marca visible. ¿Qué lectura de dirección está respaldada por el incidente guiado?"
"4","Correlación","Dirección","Observa pendientes positiva, negativa y nula y cita una marca visible. Al transferir dirección a otro grupo, ¿qué debe conservarse?"
"4","Correlación","Fuerza","Observa nubes con distinta dispersión y cita una marca visible. ¿Qué lectura de fuerza está respaldada por el incidente guiado?"
"4","Correlación","Fuerza","Observa nubes con distinta dispersión y cita una marca visible. Al transferir fuerza a otro grupo, ¿qué debe conservarse?"
"4","Correlación","Pearson","Observa puntos y contribuciones de covarianza y cita una marca visible. ¿Qué lectura de pearson está respaldada por el incidente guiado?"
"4","Correlación","Pearson","Observa puntos y contribuciones de covarianza y cita una marca visible. Al transferir pearson a otro grupo, ¿qué debe conservarse?"
"4","Correlación","Spearman","Observa posiciones de rango y cita una marca visible. ¿Qué lectura de spearman está respaldada por el incidente guiado?"
"4","Correlación","Spearman","Observa posiciones de rango y cita una marca visible. Al transferir spearman a otro grupo, ¿qué debe conservarse?"
"4","Correlación","Correlación y extremos","Observa ajuste con el punto extremo y cita una marca visible. ¿Qué lectura de correlación y extremos está respaldada por el incidente guiado?"
"4","Correlación","Correlación y extremos","Observa ajuste con el punto extremo y cita una marca visible. Al transferir correlación y extremos a otro grupo, ¿qué debe conservarse?"
"4","Confusión","Causalidad","Observa nodos y flechas alternativas y cita una marca visible. ¿Qué lectura de causalidad está respaldada por el incidente guiado?"
"4","Confusión","Causalidad","Observa nodos y flechas alternativas y cita una marca visible. Al transferir causalidad a otro grupo, ¿qué debe conservarse?"
"4","Confusión","Confusores","Observa DAG y estratos y cita una marca visible. ¿Qué lectura de confusores está respaldada por el incidente guiado?"
"4","Confusión","Confusores","Observa DAG y estratos y cita una marca visible. Al transferir confusores a otro grupo, ¿qué debe conservarse?"
"4","Confusión","Sesgo de agregación","Observa líneas por grupo y agregada y cita una marca visible. ¿Qué lectura de sesgo de agregación está respaldada por el incidente guiado?"
"4","Confusión","Sesgo de agregación","Observa líneas por grupo y agregada y cita una marca visible. Al transferir sesgo de agregación a otro grupo, ¿qué debe conservarse?"
"4","Tablas cruzadas","Proporciones","Observa celdas de la tabla 2×2 y cita una marca visible. ¿Qué lectura de proporciones está respaldada por el incidente guiado?"
"4","Tablas cruzadas","Proporciones","Observa celdas de la tabla 2×2 y cita una marca visible. Al transferir proporciones a otro grupo, ¿qué debe conservarse?"
"4","Tablas cruzadas","Riesgo relativo","Observa riesgos y referencia de razón 1 y cita una marca visible. ¿Qué lectura de riesgo relativo está respaldada por el incidente guiado?"
"4","Tablas cruzadas","Riesgo relativo","Observa riesgos y referencia de razón 1 y cita una marca visible. Al transferir riesgo relativo a otro grupo, ¿qué debe conservarse?"
"4","Tablas cruzadas","Odds","Observa evento, no evento y escala de odds y cita una marca visible. ¿Qué lectura de odds está respaldada por el incidente guiado?"
"4","Tablas cruzadas","Odds","Observa evento, no evento y escala de odds y cita una marca visible. Al transferir odds a otro grupo, ¿qué debe conservarse?"
"5","Arquitectura invisible de los datos","Unidad y granularidad","Observa filas y unidad antes y después del cambio de granularidad y cita una marca visible. ¿Qué decisión sobre unidad y granularidad está respaldada por las tres etapas?"
"5","Arquitectura invisible de los datos","Unidad y granularidad","Observa filas y unidad antes y después del cambio de granularidad y cita una marca visible. ¿Qué debe volver a comprobarse al transferir unidad y granularidad a otro caso?"
"5","Arquitectura invisible de los datos","Esquema y claves","Observa campos tipados y enlaces PK/FK y cita una marca visible. ¿Qué decisión sobre esquema y claves está respaldada por las tres etapas?"
"5","Arquitectura invisible de los datos","Esquema y claves","Observa campos tipados y enlaces PK/FK y cita una marca visible. ¿Qué debe volver a comprobarse al transferir esquema y claves a otro caso?"
"5","SQL para hacer preguntas","Consulta orientada a pregunta","Observa pregunta, operaciones y tabla resultante y cita una marca visible. ¿Qué decisión sobre consulta orientada a pregunta está respaldada por las tres etapas?"
"5","SQL para hacer preguntas","Consulta orientada a pregunta","Observa pregunta, operaciones y tabla resultante y cita una marca visible. ¿Qué debe volver a comprobarse al transferir consulta orientada a pregunta a otro caso?"
"5","SQL para hacer preguntas","Agregación y grupos","Observa grupos, numeradores y denominadores y cita una marca visible. ¿Qué decisión sobre agregación y grupos está respaldada por las tres etapas?"
"5","SQL para hacer preguntas","Agregación y grupos","Observa grupos, numeradores y denominadores y cita una marca visible. ¿Qué debe volver a comprobarse al transferir agregación y grupos a otro caso?"
"5","Relaciones y JOINs","Semántica de JOIN y anti-join","Observa matched, left-only y right-only y cita una marca visible. ¿Qué decisión sobre semántica de join y anti-join está respaldada por las tres etapas?"
"5","Relaciones y JOINs","Semántica de JOIN y anti-join","Observa matched, left-only y right-only y cita una marca visible. ¿Qué debe volver a comprobarse al transferir semántica de join y anti-join a otro caso?"
"5","Relaciones y JOINs","Cardinalidad de JOIN","Observa nodos, enlaces y pares esperados y cita una marca visible. ¿Qué decisión sobre cardinalidad de join está respaldada por las tres etapas?"
"5","Relaciones y JOINs","Cardinalidad de JOIN","Observa nodos, enlaces y pares esperados y cita una marca visible. ¿Qué debe volver a comprobarse al transferir cardinalidad de join a otro caso?"
"5","Relaciones y JOINs","Explosión de filas en un JOIN","Observa pares del JOIN, filas resultantes, noches únicas y suma reconciliada y cita una marca visible. ¿Qué decisión sobre explosión de filas en un join está respaldada por las tres etapas?"
"5","Relaciones y JOINs","Explosión de filas en un JOIN","Observa pares del JOIN, filas resultantes, noches únicas y suma reconciliada y cita una marca visible. ¿Qué debe volver a comprobarse al transferir explosión de filas en un join a otro caso?"
"5","SQL analítico y tiempo","CTE trazable","Observa etapas y conteos de entrada y salida y cita una marca visible. ¿Qué decisión sobre cte trazable está respaldada por las tres etapas?"
"5","SQL analítico y tiempo","CTE trazable","Observa etapas y conteos de entrada y salida y cita una marca visible. ¿Qué debe volver a comprobarse al transferir cte trazable a otro caso?"
"5","SQL analítico y tiempo","Funciones de ventana","Observa particiones, orden y filas conservadas y cita una marca visible. ¿Qué decisión sobre funciones de ventana está respaldada por las tres etapas?"
"5","SQL analítico y tiempo","Funciones de ventana","Observa particiones, orden y filas conservadas y cita una marca visible. ¿Qué debe volver a comprobarse al transferir funciones de ventana a otro caso?"
"5","SQL analítico y tiempo","Rezagos y fecha de corte","Observa línea temporal, rezagos y corte y cita una marca visible. ¿Qué decisión sobre rezagos y fecha de corte está respaldada por las tres etapas?"
"5","SQL analítico y tiempo","Rezagos y fecha de corte","Observa línea temporal, rezagos y corte y cita una marca visible. ¿Qué debe volver a comprobarse al transferir rezagos y fecha de corte a otro caso?"
"5","Construcción de la tabla analítica","Población y ventanas","Observa población y ventanas temporales separadas y cita una marca visible. ¿Qué decisión sobre población y ventanas está respaldada por las tres etapas?"
"5","Construcción de la tabla analítica","Población y ventanas","Observa población y ventanas temporales separadas y cita una marca visible. ¿Qué debe volver a comprobarse al transferir población y ventanas a otro caso?"
"5","Construcción de la tabla analítica","ABT temporal","Observa fuentes y fila final de la ABT y cita una marca visible. ¿Qué decisión sobre abt temporal está respaldada por las tres etapas?"
"5","Construcción de la tabla analítica","ABT temporal","Observa fuentes y fila final de la ABT y cita una marca visible. ¿Qué debe volver a comprobarse al transferir abt temporal a otro caso?"
"5","Construcción de la tabla analítica","Deduplicación por entidad","Observa versiones y observación válida seleccionada y cita una marca visible. ¿Qué decisión sobre deduplicación por entidad está respaldada por las tres etapas?"
"5","Construcción de la tabla analítica","Deduplicación por entidad","Observa versiones y observación válida seleccionada y cita una marca visible. ¿Qué debe volver a comprobarse al transferir deduplicación por entidad a otro caso?"
"5","Fuentes y formatos modernos","CSV frente a Parquet","Observa celdas leídas por fila o columna y cita una marca visible. ¿Qué decisión sobre csv frente a parquet está respaldada por las tres etapas?"
"5","Fuentes y formatos modernos","CSV frente a Parquet","Observa celdas leídas por fila o columna y cita una marca visible. ¿Qué debe volver a comprobarse al transferir csv frente a parquet a otro caso?"
"5","Fuentes y formatos modernos","API paginada","Observa páginas, cursor, retry e IDs y cita una marca visible. ¿Qué decisión sobre api paginada está respaldada por las tres etapas?"
"5","Fuentes y formatos modernos","API paginada","Observa páginas, cursor, retry e IDs y cita una marca visible. ¿Qué debe volver a comprobarse al transferir api paginada a otro caso?"
"5","Fuentes y formatos modernos","DuckDB y Polars","Observa flujos SQL y columnar comparados y cita una marca visible. ¿Qué decisión sobre duckdb y polars está respaldada por las tres etapas?"
"5","Fuentes y formatos modernos","DuckDB y Polars","Observa flujos SQL y columnar comparados y cita una marca visible. ¿Qué debe volver a comprobarse al transferir duckdb y polars a otro caso?"
"5","Calidad, contratos y procedencia","Contrato y esquema","Observa cambio compatible o rechazado y cita una marca visible. ¿Qué decisión sobre contrato y esquema está respaldada por las tres etapas?"
"5","Calidad, contratos y procedencia","Contrato y esquema","Observa cambio compatible o rechazado y cita una marca visible. ¿Qué debe volver a comprobarse al transferir contrato y esquema a otro caso?"
"5","Calidad, contratos y procedencia","Integridad de datos","Observa checks y filas afectadas y cita una marca visible. ¿Qué decisión sobre integridad de datos está respaldada por las tres etapas?"
"5","Calidad, contratos y procedencia","Integridad de datos","Observa checks y filas afectadas y cita una marca visible. ¿Qué debe volver a comprobarse al transferir integridad de datos a otro caso?"
"5","Calidad, contratos y procedencia","Linaje y snapshot","Observa fuentes, transformaciones, versión y hash y cita una marca visible. ¿Qué decisión sobre linaje y snapshot está respaldada por las tres etapas?"
"5","Calidad, contratos y procedencia","Linaje y snapshot","Observa fuentes, transformaciones, versión y hash y cita una marca visible. ¿Qué debe volver a comprobarse al transferir linaje y snapshot a otro caso?"
"6","Regresión lineal","Ajuste","Observa puntos y recta ajustada y cita una marca visible. ¿Qué conclusión guiada sobre ajuste respeta el momento de decisión?"
"6","Regresión lineal","Ajuste","Observa puntos y recta ajustada y cita una marca visible. ¿Qué debe cambiar al transferir ajuste a otra decisión?"
"6","Regresión lineal","Pendiente","Observa triángulo subida/avance y cita una marca visible. ¿Qué conclusión guiada sobre pendiente respeta el momento de decisión?"
"6","Regresión lineal","Pendiente","Observa triángulo subida/avance y cita una marca visible. ¿Qué debe cambiar al transferir pendiente a otra decisión?"
"6","Regresión lineal","Intercepto","Observa cruce con el eje y cita una marca visible. ¿Qué conclusión guiada sobre intercepto respeta el momento de decisión?"
"6","Regresión lineal","Intercepto","Observa cruce con el eje y cita una marca visible. ¿Qué debe cambiar al transferir intercepto a otra decisión?"
"6","Regresión lineal","Residuales","Observa segmentos y residuales y cita una marca visible. ¿Qué conclusión guiada sobre residuales respeta el momento de decisión?"
"6","Regresión lineal","Residuales","Observa segmentos y residuales y cita una marca visible. ¿Qué debe cambiar al transferir residuales a otra decisión?"
"6","Regresión lineal","Supuestos","Observa cuatro paneles diagnósticos y cita una marca visible. ¿Qué conclusión guiada sobre supuestos respeta el momento de decisión?"
"6","Regresión lineal","Supuestos","Observa cuatro paneles diagnósticos y cita una marca visible. ¿Qué debe cambiar al transferir supuestos a otra decisión?"
"6","Regresión múltiple","Variables explicativas","Observa coeficientes e intervalos y cita una marca visible. ¿Qué conclusión guiada sobre variables explicativas respeta el momento de decisión?"
"6","Regresión múltiple","Variables explicativas","Observa coeficientes e intervalos y cita una marca visible. ¿Qué debe cambiar al transferir variables explicativas a otra decisión?"
"6","Regresión múltiple","Interacción","Observa líneas con pendientes diferentes y cita una marca visible. ¿Qué conclusión guiada sobre interacción respeta el momento de decisión?"
"6","Regresión múltiple","Interacción","Observa líneas con pendientes diferentes y cita una marca visible. ¿Qué debe cambiar al transferir interacción a otra decisión?"
"6","Regresión múltiple","Colinealidad","Observa celdas de relación entre entradas y cita una marca visible. ¿Qué conclusión guiada sobre colinealidad respeta el momento de decisión?"
"6","Regresión múltiple","Colinealidad","Observa celdas de relación entre entradas y cita una marca visible. ¿Qué debe cambiar al transferir colinealidad a otra decisión?"
"6","Clasificación","Clase","Observa puntos coloreados por clase y cita una marca visible. ¿Qué conclusión guiada sobre clase respeta el momento de decisión?"
"6","Clasificación","Clase","Observa puntos coloreados por clase y cita una marca visible. ¿Qué debe cambiar al transferir clase a otra decisión?"
"6","Clasificación","Score","Observa scores ordenados y cita una marca visible. ¿Qué conclusión guiada sobre score respeta el momento de decisión?"
"6","Clasificación","Score","Observa scores ordenados y cita una marca visible. ¿Qué debe cambiar al transferir score a otra decisión?"
"6","Clasificación","Umbral","Observa distribución y umbral y cita una marca visible. ¿Qué conclusión guiada sobre umbral respeta el momento de decisión?"
"6","Clasificación","Umbral","Observa distribución y umbral y cita una marca visible. ¿Qué debe cambiar al transferir umbral a otra decisión?"
"6","Clasificación","Probabilidad","Observa curva score a probabilidad y cita una marca visible. ¿Qué conclusión guiada sobre probabilidad respeta el momento de decisión?"
"6","Clasificación","Probabilidad","Observa curva score a probabilidad y cita una marca visible. ¿Qué debe cambiar al transferir probabilidad a otra decisión?"
"6","Modelos interpretables","Árbol de decisión","Observa nodos y hojas y cita una marca visible. ¿Qué conclusión guiada sobre árbol de decisión respeta el momento de decisión?"
"6","Modelos interpretables","Árbol de decisión","Observa nodos y hojas y cita una marca visible. ¿Qué debe cambiar al transferir árbol de decisión a otra decisión?"
"6","Modelos interpretables","Reglas","Observa ramas si/entonces y cita una marca visible. ¿Qué conclusión guiada sobre reglas respeta el momento de decisión?"
"6","Modelos interpretables","Reglas","Observa ramas si/entonces y cita una marca visible. ¿Qué debe cambiar al transferir reglas a otra decisión?"
"6","Modelos interpretables","Importancia","Observa magnitudes de importancia y cita una marca visible. ¿Qué conclusión guiada sobre importancia respeta el momento de decisión?"
"6","Modelos interpretables","Importancia","Observa magnitudes de importancia y cita una marca visible. ¿Qué debe cambiar al transferir importancia a otra decisión?"
"6","Preparación de variables","Encoding","Observa celdas de la matriz one-hot y cita una marca visible. ¿Qué conclusión guiada sobre encoding respeta el momento de decisión?"
"6","Preparación de variables","Encoding","Observa celdas de la matriz one-hot y cita una marca visible. ¿Qué debe cambiar al transferir encoding a otra decisión?"
"6","Preparación de variables","Scaling","Observa escalas antes y después y cita una marca visible. ¿Qué conclusión guiada sobre scaling respeta el momento de decisión?"
"6","Preparación de variables","Scaling","Observa escalas antes y después y cita una marca visible. ¿Qué debe cambiar al transferir scaling a otra decisión?"
"6","Preparación de variables","Leakage","Observa corte temporal y disponibilidad y cita una marca visible. ¿Qué conclusión guiada sobre leakage respeta el momento de decisión?"
"6","Preparación de variables","Leakage","Observa corte temporal y disponibilidad y cita una marca visible. ¿Qué debe cambiar al transferir leakage a otra decisión?"
"7","Partición de datos","Train","Observa filas asignadas a entrenamiento y cita una marca visible. ¿Qué conclusión guiada sobre train conserva el alcance?"
"7","Partición de datos","Train","Observa filas asignadas a entrenamiento y cita una marca visible. ¿Qué exige transferir train a otra decisión?"
"7","Partición de datos","Validation","Observa alternativas comparadas en validación y cita una marca visible. ¿Qué conclusión guiada sobre validation conserva el alcance?"
"7","Partición de datos","Validation","Observa alternativas comparadas en validación y cita una marca visible. ¿Qué exige transferir validation a otra decisión?"
"7","Partición de datos","Test","Observa sello y apertura única del test y cita una marca visible. ¿Qué conclusión guiada sobre test conserva el alcance?"
"7","Partición de datos","Test","Observa sello y apertura única del test y cita una marca visible. ¿Qué exige transferir test a otra decisión?"
"7","Partición de datos","Cross-validation","Observa folds rotados sin tocar test y cita una marca visible. ¿Qué conclusión guiada sobre cross-validation conserva el alcance?"
"7","Partición de datos","Cross-validation","Observa folds rotados sin tocar test y cita una marca visible. ¿Qué exige transferir cross-validation a otra decisión?"
"7","Error de regresión","MAE","Observa errores absolutos y cita una marca visible. ¿Qué conclusión guiada sobre mae conserva el alcance?"
"7","Error de regresión","MAE","Observa errores absolutos y cita una marca visible. ¿Qué exige transferir mae a otra decisión?"
"7","Error de regresión","MSE","Observa errores elevados al cuadrado y cita una marca visible. ¿Qué conclusión guiada sobre mse conserva el alcance?"
"7","Error de regresión","MSE","Observa errores elevados al cuadrado y cita una marca visible. ¿Qué exige transferir mse a otra decisión?"
"7","Error de regresión","RMSE","Observa raíz en unidades de pedidos y cita una marca visible. ¿Qué conclusión guiada sobre rmse conserva el alcance?"
"7","Error de regresión","RMSE","Observa raíz en unidades de pedidos y cita una marca visible. ¿Qué exige transferir rmse a otra decisión?"
"7","Error de regresión","R²","Observa modelo frente a promedio base y cita una marca visible. ¿Qué conclusión guiada sobre r² conserva el alcance?"
"7","Error de regresión","R²","Observa modelo frente a promedio base y cita una marca visible. ¿Qué exige transferir r² a otra decisión?"
"7","Matriz de confusión","TP","Observa celda TP resaltada y cita una marca visible. ¿Qué conclusión guiada sobre tp conserva el alcance?"
"7","Matriz de confusión","TP","Observa celda TP resaltada y cita una marca visible. ¿Qué exige transferir tp a otra decisión?"
"7","Matriz de confusión","TN","Observa celda TN resaltada y cita una marca visible. ¿Qué conclusión guiada sobre tn conserva el alcance?"
"7","Matriz de confusión","TN","Observa celda TN resaltada y cita una marca visible. ¿Qué exige transferir tn a otra decisión?"
"7","Matriz de confusión","FP","Observa celda FP y merma y cita una marca visible. ¿Qué conclusión guiada sobre fp conserva el alcance?"
"7","Matriz de confusión","FP","Observa celda FP y merma y cita una marca visible. ¿Qué exige transferir fp a otra decisión?"
"7","Matriz de confusión","FN","Observa celda FN y pedidos no atendidos y cita una marca visible. ¿Qué conclusión guiada sobre fn conserva el alcance?"
"7","Matriz de confusión","FN","Observa celda FN y pedidos no atendidos y cita una marca visible. ¿Qué exige transferir fn a otra decisión?"
"7","Métricas de clasificación","Precision","Observa TP entre alertas y cita una marca visible. ¿Qué conclusión guiada sobre precision conserva el alcance?"
"7","Métricas de clasificación","Precision","Observa TP entre alertas y cita una marca visible. ¿Qué exige transferir precision a otra decisión?"
"7","Métricas de clasificación","Recall","Observa TP entre noches altas y cita una marca visible. ¿Qué conclusión guiada sobre recall conserva el alcance?"
"7","Métricas de clasificación","Recall","Observa TP entre noches altas y cita una marca visible. ¿Qué exige transferir recall a otra decisión?"
"7","Métricas de clasificación","Specificity","Observa TN entre noches normales y cita una marca visible. ¿Qué conclusión guiada sobre specificity conserva el alcance?"
"7","Métricas de clasificación","Specificity","Observa TN entre noches normales y cita una marca visible. ¿Qué exige transferir specificity a otra decisión?"
"7","Métricas de clasificación","F1","Observa precision y recall combinados y cita una marca visible. ¿Qué conclusión guiada sobre f1 conserva el alcance?"
"7","Métricas de clasificación","F1","Observa precision y recall combinados y cita una marca visible. ¿Qué exige transferir f1 a otra decisión?"
"7","Curvas y calibración","ROC","Observa TPR frente a FPR y cita una marca visible. ¿Qué conclusión guiada sobre roc conserva el alcance?"
"7","Curvas y calibración","ROC","Observa TPR frente a FPR y cita una marca visible. ¿Qué exige transferir roc a otra decisión?"
"7","Curvas y calibración","PR","Observa precision frente a recall y cita una marca visible. ¿Qué conclusión guiada sobre pr conserva el alcance?"
"7","Curvas y calibración","PR","Observa precision frente a recall y cita una marca visible. ¿Qué exige transferir pr a otra decisión?"
"7","Curvas y calibración","Umbral y costo","Observa umbral, errores y costo y cita una marca visible. ¿Qué conclusión guiada sobre umbral y costo conserva el alcance?"
"7","Curvas y calibración","Umbral y costo","Observa umbral, errores y costo y cita una marca visible. ¿Qué exige transferir umbral y costo a otra decisión?"
"7","Curvas y calibración","Calibración","Observa probabilidad estimada frente a frecuencia y cita una marca visible. ¿Qué conclusión guiada sobre calibración conserva el alcance?"
"7","Curvas y calibración","Calibración","Observa probabilidad estimada frente a frecuencia y cita una marca visible. ¿Qué exige transferir calibración a otra decisión?"
"7","Generalización","Bias","Observa patrón sistemático de error y cita una marca visible. ¿Qué conclusión guiada sobre bias conserva el alcance?"
"7","Generalización","Bias","Observa patrón sistemático de error y cita una marca visible. ¿Qué exige transferir bias a otra decisión?"
"7","Generalización","Variance","Observa ajustes entre muestras y cita una marca visible. ¿Qué conclusión guiada sobre variance conserva el alcance?"
"7","Generalización","Variance","Observa ajustes entre muestras y cita una marca visible. ¿Qué exige transferir variance a otra decisión?"
"7","Generalización","Overfitting","Observa brecha train-validation y cita una marca visible. ¿Qué conclusión guiada sobre overfitting conserva el alcance?"
"7","Generalización","Overfitting","Observa brecha train-validation y cita una marca visible. ¿Qué exige transferir overfitting a otra decisión?"
"7","Generalización","Regularización","Observa complejidad y error validado y cita una marca visible. ¿Qué conclusión guiada sobre regularización conserva el alcance?"
"7","Generalización","Regularización","Observa complejidad y error validado y cita una marca visible. ¿Qué exige transferir regularización a otra decisión?"
"8","Clustering","Distancia","Observa distancias entre noches y cita una marca visible. ¿Qué conclusión guiada sobre distancia conserva el alcance?"
"8","Clustering","Distancia","Observa distancias entre noches y cita una marca visible. ¿Qué exige transferir distancia a otra decisión?"
"8","Clustering","K-means","Observa asignación y actualización y cita una marca visible. ¿Qué conclusión guiada sobre k-means conserva el alcance?"
"8","Clustering","K-means","Observa asignación y actualización y cita una marca visible. ¿Qué exige transferir k-means a otra decisión?"
"8","Clustering","Centroides","Observa trayectoria de centroides y cita una marca visible. ¿Qué conclusión guiada sobre centroides conserva el alcance?"
"8","Clustering","Centroides","Observa trayectoria de centroides y cita una marca visible. ¿Qué exige transferir centroides a otra decisión?"
"8","Clustering","Número de grupos","Observa soluciones para distintos k y cita una marca visible. ¿Qué conclusión guiada sobre número de grupos conserva el alcance?"
"8","Clustering","Número de grupos","Observa soluciones para distintos k y cita una marca visible. ¿Qué exige transferir número de grupos a otra decisión?"
"8","Reducción dimensional","PCA","Observa noches proyectadas y cita una marca visible. ¿Qué conclusión guiada sobre pca conserva el alcance?"
"8","Reducción dimensional","PCA","Observa noches proyectadas y cita una marca visible. ¿Qué exige transferir pca a otra decisión?"
"8","Reducción dimensional","Componentes","Observa cargas de variables y cita una marca visible. ¿Qué conclusión guiada sobre componentes conserva el alcance?"
"8","Reducción dimensional","Componentes","Observa cargas de variables y cita una marca visible. ¿Qué exige transferir componentes a otra decisión?"
"8","Reducción dimensional","Varianza explicada","Observa varianza explicada acumulada y cita una marca visible. ¿Qué conclusión guiada sobre varianza explicada conserva el alcance?"
"8","Reducción dimensional","Varianza explicada","Observa varianza explicada acumulada y cita una marca visible. ¿Qué exige transferir varianza explicada a otra decisión?"
"8","Detección de anomalías","Rareza","Observa vecindad de una noche rara y cita una marca visible. ¿Qué conclusión guiada sobre rareza conserva el alcance?"
"8","Detección de anomalías","Rareza","Observa vecindad de una noche rara y cita una marca visible. ¿Qué exige transferir rareza a otra decisión?"
"8","Detección de anomalías","Aislamiento","Observa ruta de particiones y cita una marca visible. ¿Qué conclusión guiada sobre aislamiento conserva el alcance?"
"8","Detección de anomalías","Aislamiento","Observa ruta de particiones y cita una marca visible. ¿Qué exige transferir aislamiento a otra decisión?"
"8","Detección de anomalías","Umbral de anomalía","Observa score, umbral y cola de revisión y cita una marca visible. ¿Qué conclusión guiada sobre umbral de anomalía conserva el alcance?"
"8","Detección de anomalías","Umbral de anomalía","Observa score, umbral y cola de revisión y cita una marca visible. ¿Qué exige transferir umbral de anomalía a otra decisión?"
"9","Series de tiempo","Tendencia","Observa serie ordenada y tendencia y cita una marca visible. ¿Qué conclusión guiada sobre tendencia conserva el alcance?"
"9","Series de tiempo","Tendencia","Observa serie ordenada y tendencia y cita una marca visible. ¿Qué exige transferir tendencia a otra decisión?"
"9","Series de tiempo","Estacionalidad","Observa ciclos alineados por periodo y cita una marca visible. ¿Qué conclusión guiada sobre estacionalidad conserva el alcance?"
"9","Series de tiempo","Estacionalidad","Observa ciclos alineados por periodo y cita una marca visible. ¿Qué exige transferir estacionalidad a otra decisión?"
"9","Series de tiempo","Rezago","Observa pares valor anterior y actual y cita una marca visible. ¿Qué conclusión guiada sobre rezago conserva el alcance?"
"9","Series de tiempo","Rezago","Observa pares valor anterior y actual y cita una marca visible. ¿Qué exige transferir rezago a otra decisión?"
"9","Series de tiempo","Anomalía temporal","Observa evento localizado y patrón esperado y cita una marca visible. ¿Qué conclusión guiada sobre anomalía temporal conserva el alcance?"
"9","Series de tiempo","Anomalía temporal","Observa evento localizado y patrón esperado y cita una marca visible. ¿Qué exige transferir anomalía temporal a otra decisión?"
"9","Validación temporal","Ventanas temporales","Observa ventana y corte temporal y cita una marca visible. ¿Qué conclusión guiada sobre ventanas temporales conserva el alcance?"
"9","Validación temporal","Ventanas temporales","Observa ventana y corte temporal y cita una marca visible. ¿Qué exige transferir ventanas temporales a otra decisión?"
"9","Validación temporal","Backtesting","Observa folds pasado-futuro y cita una marca visible. ¿Qué conclusión guiada sobre backtesting conserva el alcance?"
"9","Validación temporal","Backtesting","Observa folds pasado-futuro y cita una marca visible. ¿Qué exige transferir backtesting a otra decisión?"
"9","Validación temporal","Leakage temporal","Observa corte y dato futuro bloqueado y cita una marca visible. ¿Qué conclusión guiada sobre leakage temporal conserva el alcance?"
"9","Validación temporal","Leakage temporal","Observa corte y dato futuro bloqueado y cita una marca visible. ¿Qué exige transferir leakage temporal a otra decisión?"
"9","A/B testing","Asignación aleatoria","Observa asignaciones balanceadas A/B y cita una marca visible. ¿Qué conclusión guiada sobre asignación aleatoria conserva el alcance?"
"9","A/B testing","Asignación aleatoria","Observa asignaciones balanceadas A/B y cita una marca visible. ¿Qué exige transferir asignación aleatoria a otra decisión?"
"9","A/B testing","Métrica primaria","Observa numerador y denominador primarios y cita una marca visible. ¿Qué conclusión guiada sobre métrica primaria conserva el alcance?"
"9","A/B testing","Métrica primaria","Observa numerador y denominador primarios y cita una marca visible. ¿Qué exige transferir métrica primaria a otra decisión?"
"9","A/B testing","Tamaño de muestra","Observa tamaño y ancho esperado y cita una marca visible. ¿Qué conclusión guiada sobre tamaño de muestra conserva el alcance?"
"9","A/B testing","Tamaño de muestra","Observa tamaño y ancho esperado y cita una marca visible. ¿Qué exige transferir tamaño de muestra a otra decisión?"
"9","A/B testing","Efecto","Observa diferencia e intervalo y cita una marca visible. ¿Qué conclusión guiada sobre efecto conserva el alcance?"
"9","A/B testing","Efecto","Observa diferencia e intervalo y cita una marca visible. ¿Qué exige transferir efecto a otra decisión?"
"9","Experimentación","Guardrails","Observa métrica principal y límites operativos y cita una marca visible. ¿Qué conclusión guiada sobre guardrails conserva el alcance?"
"9","Experimentación","Guardrails","Observa métrica principal y límites operativos y cita una marca visible. ¿Qué exige transferir guardrails a otra decisión?"
"9","Experimentación","Múltiples pruebas","Observa familia de pruebas y criterio ajustado y cita una marca visible. ¿Qué conclusión guiada sobre múltiples pruebas conserva el alcance?"
"9","Experimentación","Múltiples pruebas","Observa familia de pruebas y criterio ajustado y cita una marca visible. ¿Qué exige transferir múltiples pruebas a otra decisión?"
"9","Experimentación","Efecto práctico","Observa efecto frente a mínimo útil y cita una marca visible. ¿Qué conclusión guiada sobre efecto práctico conserva el alcance?"
"9","Experimentación","Efecto práctico","Observa efecto frente a mínimo útil y cita una marca visible. ¿Qué exige transferir efecto práctico a otra decisión?"
"10","Ética y sesgo","Representación","Observa cobertura y ausencias por grupo y cita una marca visible. ¿Qué conclusión guiada sobre representación conserva el alcance?"
"10","Ética y sesgo","Representación","Observa cobertura y ausencias por grupo y cita una marca visible. ¿Qué exige transferir representación a otra decisión?"
"10","Ética y sesgo","Fairness","Observa tasas con denominadores comparables y cita una marca visible. ¿Qué conclusión guiada sobre fairness conserva el alcance?"
"10","Ética y sesgo","Fairness","Observa tasas con denominadores comparables y cita una marca visible. ¿Qué exige transferir fairness a otra decisión?"
"10","Ética y sesgo","Daño","Observa ruta desde decisión hasta consecuencia y cita una marca visible. ¿Qué conclusión guiada sobre daño conserva el alcance?"
"10","Ética y sesgo","Daño","Observa ruta desde decisión hasta consecuencia y cita una marca visible. ¿Qué exige transferir daño a otra decisión?"
"10","Ética y sesgo","Privacidad","Observa campos, propósito, acceso y retención y cita una marca visible. ¿Qué conclusión guiada sobre privacidad conserva el alcance?"
"10","Ética y sesgo","Privacidad","Observa campos, propósito, acceso y retención y cita una marca visible. ¿Qué exige transferir privacidad a otra decisión?"
"10","Comunicación","Audiencia","Observa capas de detalle por audiencia y cita una marca visible. ¿Qué conclusión guiada sobre audiencia conserva el alcance?"
"10","Comunicación","Audiencia","Observa capas de detalle por audiencia y cita una marca visible. ¿Qué exige transferir audiencia a otra decisión?"
"10","Comunicación","Comunicación de incertidumbre","Observa estimación, intervalo y supuestos y cita una marca visible. ¿Qué conclusión guiada sobre comunicación de incertidumbre conserva el alcance?"
"10","Comunicación","Comunicación de incertidumbre","Observa estimación, intervalo y supuestos y cita una marca visible. ¿Qué exige transferir comunicación de incertidumbre a otra decisión?"
"10","Comunicación","Anotación","Observa marca, fuente y límite y cita una marca visible. ¿Qué conclusión guiada sobre anotación conserva el alcance?"
"10","Comunicación","Anotación","Observa marca, fuente y límite y cita una marca visible. ¿Qué exige transferir anotación a otra decisión?"
"10","Comunicación","Narrativa de datos","Observa evidencia, interpretación y decisión y cita una marca visible. ¿Qué conclusión guiada sobre narrativa de datos conserva el alcance?"
"10","Comunicación","Narrativa de datos","Observa evidencia, interpretación y decisión y cita una marca visible. ¿Qué exige transferir narrativa de datos a otra decisión?"
"10","Reproducibilidad","Semillas","Observa ejecuciones repetidas con semilla y cita una marca visible. ¿Qué conclusión guiada sobre semillas conserva el alcance?"
"10","Reproducibilidad","Semillas","Observa ejecuciones repetidas con semilla y cita una marca visible. ¿Qué exige transferir semillas a otra decisión?"
"10","Reproducibilidad","Versiones","Observa linaje de datos, código y salida y cita una marca visible. ¿Qué conclusión guiada sobre versiones conserva el alcance?"
"10","Reproducibilidad","Versiones","Observa linaje de datos, código y salida y cita una marca visible. ¿Qué exige transferir versiones a otra decisión?"
"10","Reproducibilidad","Diccionario de datos","Observa unidad, campo, tipo, origen y límite y cita una marca visible. ¿Qué conclusión guiada sobre diccionario de datos conserva el alcance?"
"10","Reproducibilidad","Diccionario de datos","Observa unidad, campo, tipo, origen y límite y cita una marca visible. ¿Qué exige transferir diccionario de datos a otra decisión?"
"10","Reproducibilidad","Notebook limpio","Observa carga, validación, análisis y salida y cita una marca visible. ¿Qué conclusión guiada sobre notebook limpio conserva el alcance?"
"10","Reproducibilidad","Notebook limpio","Observa carga, validación, análisis y salida y cita una marca visible. ¿Qué exige transferir notebook limpio a otra decisión?"
"10","Mini-proyecto","Pregunta del proyecto","Observa población, resultado y decisión y cita una marca visible. ¿Qué conclusión guiada sobre pregunta del proyecto conserva el alcance?"
"10","Mini-proyecto","Pregunta del proyecto","Observa población, resultado y decisión y cita una marca visible. ¿Qué exige transferir pregunta del proyecto a otra decisión?"
"10","Mini-proyecto","Datos del proyecto","Observa cobertura, calidad, permiso y procedencia y cita una marca visible. ¿Qué conclusión guiada sobre datos del proyecto conserva el alcance?"
"10","Mini-proyecto","Datos del proyecto","Observa cobertura, calidad, permiso y procedencia y cita una marca visible. ¿Qué exige transferir datos del proyecto a otra decisión?"
"10","Mini-proyecto","Análisis del proyecto","Observa transformaciones y visuales trazables y cita una marca visible. ¿Qué conclusión guiada sobre análisis del proyecto conserva el alcance?"
"10","Mini-proyecto","Análisis del proyecto","Observa transformaciones y visuales trazables y cita una marca visible. ¿Qué exige transferir análisis del proyecto a otra decisión?"
"10","Mini-proyecto","Evaluación del proyecto","Observa criterios, fallos y límites y cita una marca visible. ¿Qué conclusión guiada sobre evaluación del proyecto conserva el alcance?"
"10","Mini-proyecto","Evaluación del proyecto","Observa criterios, fallos y límites y cita una marca visible. ¿Qué exige transferir evaluación del proyecto a otra decisión?"
"10","Mini-proyecto","Comunicación del proyecto","Observa acción, evidencia, incertidumbre y revisión y cita una marca visible. ¿Qué conclusión guiada sobre comunicación del proyecto conserva el alcance?"
"10","Mini-proyecto","Comunicación del proyecto","Observa acción, evidencia, incertidumbre y revisión y cita una marca visible. ¿Qué exige transferir comunicación del proyecto a otra decisión?"
"11","Del notebook al proyecto","Notebook frente a producción","Observa dependencias ocultas, ejecución limpia, contrato y resultados de tests y cita una marca visible. ¿Qué decisión sobre notebook frente a producción está respaldada por las tres etapas?"
"11","Del notebook al proyecto","Notebook frente a producción","Observa dependencias ocultas, ejecución limpia, contrato y resultados de tests y cita una marca visible. ¿Qué debe volver a comprobarse al transferir notebook frente a producción a otro caso?"
"11","Del notebook al proyecto","Ejecución reproducible","Observa entrada, entorno, comando y salida repetida y cita una marca visible. ¿Qué decisión sobre ejecución reproducible está respaldada por las tres etapas?"
"11","Del notebook al proyecto","Ejecución reproducible","Observa entrada, entorno, comando y salida repetida y cita una marca visible. ¿Qué debe volver a comprobarse al transferir ejecución reproducible a otro caso?"
"11","Del notebook al proyecto","Estructura y responsabilidades","Observa componentes y fronteras de responsabilidad y cita una marca visible. ¿Qué decisión sobre estructura y responsabilidades está respaldada por las tres etapas?"
"11","Del notebook al proyecto","Estructura y responsabilidades","Observa componentes y fronteras de responsabilidad y cita una marca visible. ¿Qué debe volver a comprobarse al transferir estructura y responsabilidades a otro caso?"
"11","Código modular y contratos","Funciones y módulos","Observa input, función, output y efectos y cita una marca visible. ¿Qué decisión sobre funciones y módulos está respaldada por las tres etapas?"
"11","Código modular y contratos","Funciones y módulos","Observa input, función, output y efectos y cita una marca visible. ¿Qué debe volver a comprobarse al transferir funciones y módulos a otro caso?"
"11","Código modular y contratos","Contrato de entrada y salida","Observa casos válidos e inválidos frente al schema y cita una marca visible. ¿Qué decisión sobre contrato de entrada y salida está respaldada por las tres etapas?"
"11","Código modular y contratos","Contrato de entrada y salida","Observa casos válidos e inválidos frente al schema y cita una marca visible. ¿Qué debe volver a comprobarse al transferir contrato de entrada y salida a otro caso?"
"11","Código modular y contratos","Configuración y secretos","Observa configuración, entorno y secreto redactado y cita una marca visible. ¿Qué decisión sobre configuración y secretos está respaldada por las tres etapas?"
"11","Código modular y contratos","Configuración y secretos","Observa configuración, entorno y secreto redactado y cita una marca visible. ¿Qué debe volver a comprobarse al transferir configuración y secretos a otro caso?"
"11","Testing para datos y ML","Unit e integration tests","Observa unidades y fronteras cubiertas y cita una marca visible. ¿Qué decisión sobre unit e integration tests está respaldada por las tres etapas?"
"11","Testing para datos y ML","Unit e integration tests","Observa unidades y fronteras cubiertas y cita una marca visible. ¿Qué debe volver a comprobarse al transferir unit e integration tests a otro caso?"
"11","Testing para datos y ML","Regression, golden y failure cases","Observa casos esperados, actuales y fallidos y cita una marca visible. ¿Qué decisión sobre regression, golden y failure cases está respaldada por las tres etapas?"
"11","Testing para datos y ML","Regression, golden y failure cases","Observa casos esperados, actuales y fallidos y cita una marca visible. ¿Qué debe volver a comprobarse al transferir regression, golden y failure cases a otro caso?"
"11","Testing para datos y ML","Fixtures y tests de schema","Observa campos, nulos y bordes cubiertos y cita una marca visible. ¿Qué decisión sobre fixtures y tests de schema está respaldada por las tres etapas?"
"11","Testing para datos y ML","Fixtures y tests de schema","Observa campos, nulos y bordes cubiertos y cita una marca visible. ¿Qué debe volver a comprobarse al transferir fixtures y tests de schema a otro caso?"
"11","APIs y contratos de servicio","Request y response","Observa request, validación, proceso y response y cita una marca visible. ¿Qué decisión sobre request y response está respaldada por las tres etapas?"
"11","APIs y contratos de servicio","Request y response","Observa request, validación, proceso y response y cita una marca visible. ¿Qué debe volver a comprobarse al transferir request y response a otro caso?"
"11","APIs y contratos de servicio","Errores y versionado","Observa rutas por status y versión y cita una marca visible. ¿Qué decisión sobre errores y versionado está respaldada por las tres etapas?"
"11","APIs y contratos de servicio","Errores y versionado","Observa rutas por status y versión y cita una marca visible. ¿Qué debe volver a comprobarse al transferir errores y versionado a otro caso?"
"11","APIs y contratos de servicio","FastAPI y health check","Observa proceso, dependencias y resultado health y cita una marca visible. ¿Qué decisión sobre fastapi y health check está respaldada por las tres etapas?"
"11","APIs y contratos de servicio","FastAPI y health check","Observa proceso, dependencias y resultado health y cita una marca visible. ¿Qué debe volver a comprobarse al transferir fastapi y health check a otro caso?"
"11","Empaquetado y entornos","Dependencias y lockfile","Observa dependencias, versiones y lock y cita una marca visible. ¿Qué decisión sobre dependencias y lockfile está respaldada por las tres etapas?"
"11","Empaquetado y entornos","Dependencias y lockfile","Observa dependencias, versiones y lock y cita una marca visible. ¿Qué debe volver a comprobarse al transferir dependencias y lockfile a otro caso?"
"11","Empaquetado y entornos","Imagen y contenedor","Observa Dockerfile, imagen y contenedor y cita una marca visible. ¿Qué decisión sobre imagen y contenedor está respaldada por las tres etapas?"
"11","Empaquetado y entornos","Imagen y contenedor","Observa Dockerfile, imagen y contenedor y cita una marca visible. ¿Qué debe volver a comprobarse al transferir imagen y contenedor a otro caso?"
"11","Empaquetado y entornos","Runtime y artefacto","Observa capas de build, artifact, config y runtime y cita una marca visible. ¿Qué decisión sobre runtime y artefacto está respaldada por las tres etapas?"
"11","Empaquetado y entornos","Runtime y artefacto","Observa capas de build, artifact, config y runtime y cita una marca visible. ¿Qué debe volver a comprobarse al transferir runtime y artefacto a otro caso?"
"11","Integración y entrega continua","Pipeline CI","Observa commit, jobs, checks y evidencia y cita una marca visible. ¿Qué decisión sobre pipeline ci está respaldada por las tres etapas?"
"11","Integración y entrega continua","Pipeline CI","Observa commit, jobs, checks y evidencia y cita una marca visible. ¿Qué debe volver a comprobarse al transferir pipeline ci a otro caso?"
"11","Integración y entrega continua","Test/build gate y secrets","Observa diff, criterio, test y artifact bloqueado y cita una marca visible. ¿Qué decisión sobre test/build gate y secrets está respaldada por las tres etapas?"
"11","Integración y entrega continua","Test/build gate y secrets","Observa diff, criterio, test y artifact bloqueado y cita una marca visible. ¿Qué debe volver a comprobarse al transferir test/build gate y secrets a otro caso?"
"11","Integración y entrega continua","CI frente a CD","Observa artifact verificado y autorización de entrega y cita una marca visible. ¿Qué decisión sobre ci frente a cd está respaldada por las tres etapas?"
"11","Integración y entrega continua","CI frente a CD","Observa artifact verificado y autorización de entrega y cita una marca visible. ¿Qué debe volver a comprobarse al transferir ci frente a cd a otro caso?"
"11","Despliegue y operabilidad mínima","Servicio y configuración por entorno","Observa mismo artifact entre entornos y cita una marca visible. ¿Qué decisión sobre servicio y configuración por entorno está respaldada por las tres etapas?"
"11","Despliegue y operabilidad mínima","Servicio y configuración por entorno","Observa mismo artifact entre entornos y cita una marca visible. ¿Qué debe volver a comprobarse al transferir servicio y configuración por entorno a otro caso?"
"11","Despliegue y operabilidad mínima","Logs y fallos de arranque","Observa eventos de arranque y fallo visible y cita una marca visible. ¿Qué decisión sobre logs y fallos de arranque está respaldada por las tres etapas?"
"11","Despliegue y operabilidad mínima","Logs y fallos de arranque","Observa eventos de arranque y fallo visible y cita una marca visible. ¿Qué debe volver a comprobarse al transferir logs y fallos de arranque a otro caso?"
"11","Despliegue y operabilidad mínima","Handoff versionado","Observa contrato, artifact, health, logs y versión segura y cita una marca visible. ¿Qué decisión sobre handoff versionado está respaldada por las tres etapas?"
"11","Despliegue y operabilidad mínima","Handoff versionado","Observa contrato, artifact, health, logs y versión segura y cita una marca visible. ¿Qué debe volver a comprobarse al transferir handoff versionado a otro caso?"
"12","Del modelo al sistema","Modelo e inferencia","Observa modelo, contexto, aplicación, entorno y harness y cita una marca visible. ¿Qué decisión sobre modelo e inferencia está respaldada por las tres etapas?"
"12","Del modelo al sistema","Modelo e inferencia","Observa modelo, contexto, aplicación, entorno y harness y cita una marca visible. ¿Qué debe volver a comprobarse al transferir modelo e inferencia a otro caso?"
"12","Del modelo al sistema","Ventana y presupuesto de contexto","Observa tokens disponibles, selección, descarte y compaction y cita una marca visible. ¿Qué decisión sobre ventana y presupuesto de contexto está respaldada por las tres etapas?"
"12","Del modelo al sistema","Ventana y presupuesto de contexto","Observa tokens disponibles, selección, descarte y compaction y cita una marca visible. ¿Qué debe volver a comprobarse al transferir ventana y presupuesto de contexto a otro caso?"
"12","Del modelo al sistema","App, workflow, agente y sistema","Observa modelo, aplicación, workflow, agente y sistema y cita una marca visible. ¿Qué decisión sobre app, workflow, agente y sistema está respaldada por las tres etapas?"
"12","Del modelo al sistema","App, workflow, agente y sistema","Observa modelo, aplicación, workflow, agente y sistema y cita una marca visible. ¿Qué debe volver a comprobarse al transferir app, workflow, agente y sistema a otro caso?"
"12","Del modelo al sistema","Agente frente a workflow","Observa pasos fijos, decisión dinámica, observación y acción y cita una marca visible. ¿Qué decisión sobre agente frente a workflow está respaldada por las tres etapas?"
"12","Del modelo al sistema","Agente frente a workflow","Observa pasos fijos, decisión dinámica, observación y acción y cita una marca visible. ¿Qué debe volver a comprobarse al transferir agente frente a workflow a otro caso?"
"12","Contexto y conocimiento","Context assembly y compaction","Observa contexto disponible, selección, ensamblaje y recuperación y cita una marca visible. ¿Qué decisión sobre context assembly y compaction está respaldada por las tres etapas?"
"12","Contexto y conocimiento","Context assembly y compaction","Observa contexto disponible, selección, ensamblaje y recuperación y cita una marca visible. ¿Qué debe volver a comprobarse al transferir context assembly y compaction a otro caso?"
"12","Contexto y conocimiento","Output estructurado y schema","Observa schema, salida, validación y reparación y cita una marca visible. ¿Qué decisión sobre output estructurado y schema está respaldada por las tres etapas?"
"12","Contexto y conocimiento","Output estructurado y schema","Observa schema, salida, validación y reparación y cita una marca visible. ¿Qué debe volver a comprobarse al transferir output estructurado y schema a otro caso?"
"12","Contexto y conocimiento","Corpus, chunks y metadata","Observa corpus, chunk, metadata y procedencia y cita una marca visible. ¿Qué decisión sobre corpus, chunks y metadata está respaldada por las tres etapas?"
"12","Contexto y conocimiento","Corpus, chunks y metadata","Observa corpus, chunk, metadata y procedencia y cita una marca visible. ¿Qué debe volver a comprobarse al transferir corpus, chunks y metadata a otro caso?"
"12","Contexto y conocimiento","Retrieval, reranking y abstención","Observa consulta, ranking, evidencia, cita y abstención y cita una marca visible. ¿Qué decisión sobre retrieval, reranking y abstención está respaldada por las tres etapas?"
"12","Contexto y conocimiento","Retrieval, reranking y abstención","Observa consulta, ranking, evidencia, cita y abstención y cita una marca visible. ¿Qué debe volver a comprobarse al transferir retrieval, reranking y abstención a otro caso?"
"12","Tools, skills y disclosure","Contrato de tool","Observa nombre, input schema, output schema y permiso y cita una marca visible. ¿Qué decisión sobre contrato de tool está respaldada por las tres etapas?"
"12","Tools, skills y disclosure","Contrato de tool","Observa nombre, input schema, output schema y permiso y cita una marca visible. ¿Qué debe volver a comprobarse al transferir contrato de tool a otro caso?"
"12","Tools, skills y disclosure","Ejecución, error y retry de tool","Observa argumentos, ejecución, resultado, error y retry y cita una marca visible. ¿Qué decisión sobre ejecución, error y retry de tool está respaldada por las tres etapas?"
"12","Tools, skills y disclosure","Ejecución, error y retry de tool","Observa argumentos, ejecución, resultado, error y retry y cita una marca visible. ¿Qué debe volver a comprobarse al transferir ejecución, error y retry de tool a otro caso?"
"12","Tools, skills y disclosure","Skill como procedimiento reutilizable","Observa instrucciones, scripts, referencias, validaciones y cierre y cita una marca visible. ¿Qué decisión sobre skill como procedimiento reutilizable está respaldada por las tres etapas?"
"12","Tools, skills y disclosure","Skill como procedimiento reutilizable","Observa instrucciones, scripts, referencias, validaciones y cierre y cita una marca visible. ¿Qué debe volver a comprobarse al transferir skill como procedimiento reutilizable a otro caso?"
"12","Tools, skills y disclosure","Progressive disclosure","Observa descubrir, activar y ejecutar recursos y cita una marca visible. ¿Qué decisión sobre progressive disclosure está respaldada por las tres etapas?"
"12","Tools, skills y disclosure","Progressive disclosure","Observa descubrir, activar y ejecutar recursos y cita una marca visible. ¿Qué debe volver a comprobarse al transferir progressive disclosure a otro caso?"
"12","Loops, estado y parada","Agent loop","Observa objetivo, observar, decidir, actuar y terminar y cita una marca visible. ¿Qué decisión sobre agent loop está respaldada por las tres etapas?"
"12","Loops, estado y parada","Agent loop","Observa objetivo, observar, decidir, actuar y terminar y cita una marca visible. ¿Qué debe volver a comprobarse al transferir agent loop a otro caso?"
"12","Loops, estado y parada","Familia de loops","Observa execution, tool-use, retrieval, verification, approval y recovery y cita una marca visible. ¿Qué decisión sobre familia de loops está respaldada por las tres etapas?"
"12","Loops, estado y parada","Familia de loops","Observa execution, tool-use, retrieval, verification, approval y recovery y cita una marca visible. ¿Qué debe volver a comprobarse al transferir familia de loops a otro caso?"
"12","Loops, estado y parada","Contexto, historial, estado y memoria","Observa contexto, historial, estado y memoria persistente y cita una marca visible. ¿Qué decisión sobre contexto, historial, estado y memoria está respaldada por las tres etapas?"
"12","Loops, estado y parada","Contexto, historial, estado y memoria","Observa contexto, historial, estado y memoria persistente y cita una marca visible. ¿Qué debe volver a comprobarse al transferir contexto, historial, estado y memoria a otro caso?"
"12","Loops, estado y parada","Criterios de parada y budgets","Observa máximo de turnos, costo, tiempo, tools y retries y cita una marca visible. ¿Qué decisión sobre criterios de parada y budgets está respaldada por las tres etapas?"
"12","Loops, estado y parada","Criterios de parada y budgets","Observa máximo de turnos, costo, tiempo, tools y retries y cita una marca visible. ¿Qué debe volver a comprobarse al transferir criterios de parada y budgets a otro caso?"
"12","Harness y entorno","Harness engineering","Observa instrucciones, contexto, tools, skills, loops y verificación y cita una marca visible. ¿Qué decisión sobre harness engineering está respaldada por las tres etapas?"
"12","Harness y entorno","Harness engineering","Observa instrucciones, contexto, tools, skills, loops y verificación y cita una marca visible. ¿Qué debe volver a comprobarse al transferir harness engineering a otro caso?"
"12","Harness y entorno","Environment engineering","Observa filesystem, terminal, Python, SQL, browser, git y APIs y cita una marca visible. ¿Qué decisión sobre environment engineering está respaldada por las tres etapas?"
"12","Harness y entorno","Environment engineering","Observa filesystem, terminal, Python, SQL, browser, git y APIs y cita una marca visible. ¿Qué debe volver a comprobarse al transferir environment engineering a otro caso?"
"12","Harness y entorno","Hooks, checkpoints y resumibilidad","Observa pre-hook, tool, post-hook, checkpoint y recuperación y cita una marca visible. ¿Qué decisión sobre hooks, checkpoints y resumibilidad está respaldada por las tres etapas?"
"12","Harness y entorno","Hooks, checkpoints y resumibilidad","Observa pre-hook, tool, post-hook, checkpoint y recuperación y cita una marca visible. ¿Qué debe volver a comprobarse al transferir hooks, checkpoints y resumibilidad a otro caso?"
"12","Harness y entorno","Reconstrucción de trayectoria","Observa eventos, tool calls, outputs, checks y decisiones y cita una marca visible. ¿Qué decisión sobre reconstrucción de trayectoria está respaldada por las tres etapas?"
"12","Harness y entorno","Reconstrucción de trayectoria","Observa eventos, tool calls, outputs, checks y decisiones y cita una marca visible. ¿Qué debe volver a comprobarse al transferir reconstrucción de trayectoria a otro caso?"
"12","Interoperabilidad y delegación","MCP e interoperabilidad","Observa cliente, servidor, tools, resources, schemas y permisos y cita una marca visible. ¿Qué decisión sobre mcp e interoperabilidad está respaldada por las tres etapas?"
"12","Interoperabilidad y delegación","MCP e interoperabilidad","Observa cliente, servidor, tools, resources, schemas y permisos y cita una marca visible. ¿Qué debe volver a comprobarse al transferir mcp e interoperabilidad a otro caso?"
"12","Interoperabilidad y delegación","Delegación y handoffs","Observa supervisor, especialista, contexto transferido y responsabilidad y cita una marca visible. ¿Qué decisión sobre delegación y handoffs está respaldada por las tres etapas?"
"12","Interoperabilidad y delegación","Delegación y handoffs","Observa supervisor, especialista, contexto transferido y responsabilidad y cita una marca visible. ¿Qué debe volver a comprobarse al transferir delegación y handoffs a otro caso?"
"12","Interoperabilidad y delegación","Límites multiagente","Observa costo, duplicación, pérdida de contexto y control y cita una marca visible. ¿Qué decisión sobre límites multiagente está respaldada por las tres etapas?"
"12","Interoperabilidad y delegación","Límites multiagente","Observa costo, duplicación, pérdida de contexto y control y cita una marca visible. ¿Qué debe volver a comprobarse al transferir límites multiagente a otro caso?"
"12","Interoperabilidad y delegación","Blueprint de sistema de IA trazable","Observa usuario, objetivo, harness, loop, verificación y traza y cita una marca visible. ¿Qué decisión sobre blueprint de sistema de ia trazable está respaldada por las tres etapas?"
"12","Interoperabilidad y delegación","Blueprint de sistema de IA trazable","Observa usuario, objetivo, harness, loop, verificación y traza y cita una marca visible. ¿Qué debe volver a comprobarse al transferir blueprint de sistema de ia trazable a otro caso?"
"13","Readiness operativo","Readiness operativo","Observa gate aprobado o procedimiento apagado y cita una marca visible. ¿Qué conclusión guiada sobre readiness operativo conserva el alcance?"
"13","Readiness operativo","Readiness operativo","Observa gate aprobado o procedimiento apagado y cita una marca visible. ¿Qué exige transferir readiness operativo a otra decisión?"
"13","Readiness operativo","Baseline","Observa referencia simple frente a propuesta y cita una marca visible. ¿Qué conclusión guiada sobre baseline conserva el alcance?"
"13","Readiness operativo","Baseline","Observa referencia simple frente a propuesta y cita una marca visible. ¿Qué exige transferir baseline a otra decisión?"
"13","Readiness operativo","Rollback","Observa señal, estado seguro y verificación y cita una marca visible. ¿Qué conclusión guiada sobre rollback conserva el alcance?"
"13","Readiness operativo","Rollback","Observa señal, estado seguro y verificación y cita una marca visible. ¿Qué exige transferir rollback a otra decisión?"
"13","Readiness operativo","Aprobación humana","Observa evidencia, autoridad y poder de detener y cita una marca visible. ¿Qué conclusión guiada sobre aprobación humana conserva el alcance?"
"13","Readiness operativo","Aprobación humana","Observa evidencia, autoridad y poder de detener y cita una marca visible. ¿Qué exige transferir aprobación humana a otra decisión?"
"13","Monitoreo","Data drift","Observa distribuciones de referencia y periodo actual y cita una marca visible. ¿Qué conclusión guiada sobre data drift conserva el alcance?"
"13","Monitoreo","Data drift","Observa distribuciones de referencia y periodo actual y cita una marca visible. ¿Qué exige transferir data drift a otra decisión?"
"13","Monitoreo","Performance drift","Observa error observado a través del tiempo y cita una marca visible. ¿Qué conclusión guiada sobre performance drift conserva el alcance?"
"13","Monitoreo","Performance drift","Observa error observado a través del tiempo y cita una marca visible. ¿Qué exige transferir performance drift a otra decisión?"
"13","Monitoreo","Calibration drift","Observa score frente a frecuencia por periodo y cita una marca visible. ¿Qué conclusión guiada sobre calibration drift conserva el alcance?"
"13","Monitoreo","Calibration drift","Observa score frente a frecuencia por periodo y cita una marca visible. ¿Qué exige transferir calibration drift a otra decisión?"
"13","Monitoreo","Umbral de alerta","Observa banda, persistencia y escalamiento y cita una marca visible. ¿Qué conclusión guiada sobre umbral de alerta conserva el alcance?"
"13","Monitoreo","Umbral de alerta","Observa banda, persistencia y escalamiento y cita una marca visible. ¿Qué exige transferir umbral de alerta a otra decisión?"
"13","Respuesta a incidentes","Triage","Observa severidad, alcance y reversibilidad y cita una marca visible. ¿Qué conclusión guiada sobre triage conserva el alcance?"
"13","Respuesta a incidentes","Triage","Observa severidad, alcance y reversibilidad y cita una marca visible. ¿Qué exige transferir triage a otra decisión?"
"13","Respuesta a incidentes","Impacto","Observa afectados, consecuencia, magnitud y duración y cita una marca visible. ¿Qué conclusión guiada sobre impacto conserva el alcance?"
"13","Respuesta a incidentes","Impacto","Observa afectados, consecuencia, magnitud y duración y cita una marca visible. ¿Qué exige transferir impacto a otra decisión?"
"13","Respuesta a incidentes","Rollback operativo","Observa pasos, responsables y comprobación y cita una marca visible. ¿Qué conclusión guiada sobre rollback operativo conserva el alcance?"
"13","Respuesta a incidentes","Rollback operativo","Observa pasos, responsables y comprobación y cita una marca visible. ¿Qué exige transferir rollback operativo a otra decisión?"
"13","Respuesta a incidentes","Postmortem","Observa hechos, controles y acciones sistémicas y cita una marca visible. ¿Qué conclusión guiada sobre postmortem conserva el alcance?"
"13","Respuesta a incidentes","Postmortem","Observa hechos, controles y acciones sistémicas y cita una marca visible. ¿Qué exige transferir postmortem a otra decisión?"
"13","Entrega responsable","Model card","Observa propósito, datos, métricas y límites y cita una marca visible. ¿Qué conclusión guiada sobre model card conserva el alcance?"
"13","Entrega responsable","Model card","Observa propósito, datos, métricas y límites y cita una marca visible. ¿Qué exige transferir model card a otra decisión?"
"13","Entrega responsable","Runbook","Observa señal, acción, detención y escalamiento y cita una marca visible. ¿Qué conclusión guiada sobre runbook conserva el alcance?"
"13","Entrega responsable","Runbook","Observa señal, acción, detención y escalamiento y cita una marca visible. ¿Qué exige transferir runbook a otra decisión?"
"13","Entrega responsable","Audit log","Observa evento, momento, actor, versión y motivo y cita una marca visible. ¿Qué conclusión guiada sobre audit log conserva el alcance?"
"13","Entrega responsable","Audit log","Observa evento, momento, actor, versión y motivo y cita una marca visible. ¿Qué exige transferir audit log a otra decisión?"
"13","Entrega responsable","Retiro","Observa desactivar, archivar, comunicar y verificar y cita una marca visible. ¿Qué conclusión guiada sobre retiro conserva el alcance?"
"13","Entrega responsable","Retiro","Observa desactivar, archivar, comunicar y verificar y cita una marca visible. ¿Qué exige transferir retiro a otra decisión?"