asignacion_id,fecha,bloque_noche,elegible_antes_asignacion,variante,mensaje,prepedido_completado,espera_entrega_min,cancelacion,valor_pedido_mxn
L8-X001,2027-11-03,L8-N041,1,A,confirmación_simple,1,7.8,0,258.65
L8-X002,2027-11-04,L8-N042,1,B,confirmación_con_ventana,1,6.6,0,216.03
L8-X003,2027-11-05,L8-N043,1,A,confirmación_simple,1,6.0,0,183.49
L8-X004,2027-11-06,L8-N044,1,A,confirmación_simple,0,9.8,0,0.0
L8-X005,2027-11-07,L8-N045,1,B,confirmación_con_ventana,1,6.5,0,249.34
L8-X006,2027-11-10,L8-N046,1,B,confirmación_con_ventana,1,6.5,0,208.91
L8-X007,2027-11-11,L8-N047,1,B,confirmación_con_ventana,1,5.2,0,171.14
L8-X008,2027-11-12,L8-N048,1,A,confirmación_simple,1,6.0,0,222.22
L8-X009,2027-11-13,L8-N049,1,B,confirmación_con_ventana,1,7.9,0,282.02
L8-X010,2027-11-14,L8-N050,1,A,confirmación_simple,0,6.8,1,0.0
L8-X011,2027-11-17,L8-N051,1,A,confirmación_simple,1,6.0,0,150.21
L8-X012,2027-11-18,L8-N052,1,A,confirmación_simple,1,7.2,0,238.05
L8-X013,2027-11-19,L8-N053,1,B,confirmación_con_ventana,1,5.6,0,237.65
L8-X014,2027-11-20,L8-N054,1,A,confirmación_simple,0,9.4,0,0.0
L8-X015,2027-11-21,L8-N055,1,B,confirmación_con_ventana,0,6.6,0,0.0
L8-X016,2027-11-24,L8-N056,1,B,confirmación_con_ventana,0,5.5,0,0.0
L8-X017,2027-11-25,L8-N057,1,B,confirmación_con_ventana,0,6.5,0,0.0
L8-X018,2027-11-26,L8-N058,1,A,confirmación_simple,1,8.1,0,256.19
L8-X019,2027-11-27,L8-N059,1,B,confirmación_con_ventana,1,7.3,0,263.26
L8-X020,2027-11-28,L8-N060,1,A,confirmación_simple,1,8.9,0,212.29
L8-X021,2027-12-01,L8-N061,1,B,confirmación_con_ventana,1,8.7,0,255.34
L8-X022,2027-12-02,L8-N062,1,B,confirmación_con_ventana,1,8.0,0,264.89
L8-X023,2027-12-03,L8-N063,1,A,confirmación_simple,0,7.3,0,0.0
L8-X024,2027-12-04,L8-N064,1,A,confirmación_simple,1,6.3,0,236.36
L8-X025,2027-12-05,L8-N065,1,A,confirmación_simple,1,7.1,0,209.33
L8-X026,2027-12-08,L8-N066,1,A,confirmación_simple,0,7.2,0,0.0
L8-X027,2027-12-09,L8-N067,1,A,confirmación_simple,0,10.5,0,0.0
L8-X028,2027-12-10,L8-N068,1,B,confirmación_con_ventana,0,8.8,1,0.0
L8-X029,2027-12-11,L8-N069,1,A,confirmación_simple,0,7.3,0,0.0
L8-X030,2027-12-12,L8-N070,1,A,confirmación_simple,1,8.3,0,245.4
L8-X031,2027-12-15,L8-N071,1,A,confirmación_simple,1,8.0,0,185.1
L8-X032,2027-12-16,L8-N072,1,B,confirmación_con_ventana,1,6.8,0,188.66
L8-X033,2027-12-17,L8-N073,1,A,confirmación_simple,0,6.3,0,0.0
L8-X034,2027-12-18,L8-N074,1,B,confirmación_con_ventana,1,6.0,0,313.93
L8-X035,2027-12-19,L8-N075,1,B,confirmación_con_ventana,1,7.1,0,260.26
L8-X036,2027-12-22,L8-N076,1,A,confirmación_simple,0,7.7,0,0.0
L8-X037,2027-12-23,L8-N077,1,A,confirmación_simple,1,9.4,0,279.76
L8-X038,2027-12-24,L8-N078,1,B,confirmación_con_ventana,1,8.4,0,283.44
L8-X039,2027-12-25,L8-N079,1,B,confirmación_con_ventana,1,7.3,0,234.21
L8-X040,2027-12-26,L8-N080,1,A,confirmación_simple,1,9.8,0,204.61
L8-X041,2027-12-29,L8-N081,1,B,confirmación_con_ventana,0,8.2,0,0.0
L8-X042,2027-12-30,L8-N082,1,A,confirmación_simple,0,4.8,0,0.0
L8-X043,2027-12-31,L8-N083,1,A,confirmación_simple,1,3.6,0,192.14
L8-X044,2028-01-01,L8-N084,1,B,confirmación_con_ventana,1,9.2,0,263.32
L8-X045,2028-01-02,L8-N085,1,A,confirmación_simple,1,6.6,0,207.37
L8-X046,2028-01-05,L8-N086,1,A,confirmación_simple,0,8.8,0,0.0
L8-X047,2028-01-06,L8-N087,1,B,confirmación_con_ventana,1,10.2,0,219.34
L8-X048,2028-01-07,L8-N088,1,B,confirmación_con_ventana,1,8.6,0,286.37
L8-X049,2028-01-08,L8-N089,1,B,confirmación_con_ventana,0,8.2,0,0.0
L8-X050,2028-01-09,L8-N090,1,A,confirmación_simple,1,5.8,0,225.84
L8-X051,2028-01-12,L8-N091,1,A,confirmación_simple,1,8.4,0,207.1
L8-X052,2028-01-13,L8-N092,1,B,confirmación_con_ventana,1,7.4,0,249.63
L8-X053,2028-01-14,L8-N093,1,A,confirmación_simple,1,9.6,0,240.53
L8-X054,2028-01-15,L8-N094,1,A,confirmación_simple,0,6.4,0,0.0
L8-X055,2028-01-16,L8-N095,1,B,confirmación_con_ventana,0,5.4,1,0.0
L8-X056,2028-01-19,L8-N096,1,B,confirmación_con_ventana,1,7.2,0,147.61
L8-X057,2028-01-20,L8-N097,1,A,confirmación_simple,0,9.9,0,0.0
L8-X058,2028-01-21,L8-N098,1,B,confirmación_con_ventana,0,7.6,0,0.0
L8-X059,2028-01-22,L8-N099,1,B,confirmación_con_ventana,1,10.9,0,237.4
L8-X060,2028-01-23,L8-N100,1,B,confirmación_con_ventana,1,8.6,0,223.6
L8-X061,2027-11-03,L8-N041,1,B,confirmación_con_ventana,1,8.3,0,219.19
L8-X062,2027-11-04,L8-N042,1,A,confirmación_simple,1,8.6,0,212.23
L8-X063,2027-11-05,L8-N043,1,B,confirmación_con_ventana,1,6.3,0,248.01
L8-X064,2027-11-06,L8-N044,1,B,confirmación_con_ventana,1,8.3,0,199.98
L8-X065,2027-11-07,L8-N045,1,B,confirmación_con_ventana,1,9.1,0,200.66
L8-X066,2027-11-10,L8-N046,1,B,confirmación_con_ventana,1,9.3,0,205.86
L8-X067,2027-11-11,L8-N047,1,B,confirmación_con_ventana,1,8.0,0,140.29
L8-X068,2027-11-12,L8-N048,1,B,confirmación_con_ventana,1,8.5,0,210.94
L8-X069,2027-11-13,L8-N049,1,A,confirmación_simple,0,8.2,0,0.0
L8-X070,2027-11-14,L8-N050,1,B,confirmación_con_ventana,0,7.7,1,0.0
L8-X071,2027-11-17,L8-N051,1,B,confirmación_con_ventana,0,8.3,0,0.0
L8-X072,2027-11-18,L8-N052,1,B,confirmación_con_ventana,1,8.5,0,240.83
L8-X073,2027-11-19,L8-N053,1,B,confirmación_con_ventana,1,7.4,0,249.71
L8-X074,2027-11-20,L8-N054,1,A,confirmación_simple,1,7.0,0,170.64
L8-X075,2027-11-21,L8-N055,1,A,confirmación_simple,1,5.7,0,248.68
L8-X076,2027-11-24,L8-N056,1,A,confirmación_simple,1,6.3,0,236.85
L8-X077,2027-11-25,L8-N057,1,A,confirmación_simple,0,5.2,1,0.0
L8-X078,2027-11-26,L8-N058,1,A,confirmación_simple,1,7.9,0,248.55
L8-X079,2027-11-27,L8-N059,1,B,confirmación_con_ventana,1,10.0,0,265.04
L8-X080,2027-11-28,L8-N060,1,B,confirmación_con_ventana,0,9.4,0,0.0
L8-X081,2027-12-01,L8-N061,1,B,confirmación_con_ventana,1,7.7,0,232.07
L8-X082,2027-12-02,L8-N062,1,B,confirmación_con_ventana,1,7.6,0,193.41
L8-X083,2027-12-03,L8-N063,1,B,confirmación_con_ventana,0,7.6,0,0.0
L8-X084,2027-12-04,L8-N064,1,B,confirmación_con_ventana,1,10.6,0,217.1
L8-X085,2027-12-05,L8-N065,1,A,confirmación_simple,1,8.7,0,193.93
L8-X086,2027-12-08,L8-N066,1,B,confirmación_con_ventana,1,6.4,0,236.49
L8-X087,2027-12-09,L8-N067,1,B,confirmación_con_ventana,1,7.7,0,218.38
L8-X088,2027-12-10,L8-N068,1,B,confirmación_con_ventana,1,9.9,0,230.2
L8-X089,2027-12-11,L8-N069,1,A,confirmación_simple,0,5.5,0,0.0
L8-X090,2027-12-12,L8-N070,1,B,confirmación_con_ventana,1,7.0,0,201.67
L8-X091,2027-12-15,L8-N071,1,B,confirmación_con_ventana,1,6.2,0,227.93
L8-X092,2027-12-16,L8-N072,1,B,confirmación_con_ventana,1,8.2,0,253.63
L8-X093,2027-12-17,L8-N073,1,B,confirmación_con_ventana,1,10.0,0,226.91
L8-X094,2027-12-18,L8-N074,1,B,confirmación_con_ventana,0,9.3,0,0.0
L8-X095,2027-12-19,L8-N075,1,A,confirmación_simple,1,7.2,0,163.86
L8-X096,2027-12-22,L8-N076,1,B,confirmación_con_ventana,1,7.9,0,261.79
L8-X097,2027-12-23,L8-N077,1,B,confirmación_con_ventana,0,6.5,1,0.0
L8-X098,2027-12-24,L8-N078,1,A,confirmación_simple,1,6.5,0,190.71
L8-X099,2027-12-25,L8-N079,1,A,confirmación_simple,0,7.8,0,0.0
L8-X100,2027-12-26,L8-N080,1,A,confirmación_simple,0,5.6,0,0.0
L8-X101,2027-12-29,L8-N081,1,A,confirmación_simple,1,6.1,0,182.9
L8-X102,2027-12-30,L8-N082,1,B,confirmación_con_ventana,1,7.8,0,226.81
L8-X103,2027-12-31,L8-N083,1,A,confirmación_simple,1,9.3,0,198.33
L8-X104,2028-01-01,L8-N084,1,B,confirmación_con_ventana,1,8.6,0,265.05
L8-X105,2028-01-02,L8-N085,1,A,confirmación_simple,1,7.7,0,192.58
L8-X106,2028-01-05,L8-N086,1,B,confirmación_con_ventana,1,9.5,0,225.56
L8-X107,2028-01-06,L8-N087,1,A,confirmación_simple,0,6.9,0,0.0
L8-X108,2028-01-07,L8-N088,1,B,confirmación_con_ventana,1,8.4,0,279.23
L8-X109,2028-01-08,L8-N089,1,A,confirmación_simple,1,6.6,0,207.9
L8-X110,2028-01-09,L8-N090,1,A,confirmación_simple,0,6.8,1,0.0
L8-X111,2028-01-12,L8-N091,1,B,confirmación_con_ventana,1,6.7,0,200.63
L8-X112,2028-01-13,L8-N092,1,A,confirmación_simple,1,4.9,0,233.18
L8-X113,2028-01-14,L8-N093,1,A,confirmación_simple,0,6.1,1,0.0
L8-X114,2028-01-15,L8-N094,1,A,confirmación_simple,0,9.6,0,0.0
L8-X115,2028-01-16,L8-N095,1,A,confirmación_simple,1,8.2,0,230.29
L8-X116,2028-01-19,L8-N096,1,B,confirmación_con_ventana,1,9.4,0,225.27
L8-X117,2028-01-20,L8-N097,1,A,confirmación_simple,1,7.3,0,213.54
L8-X118,2028-01-21,L8-N098,1,A,confirmación_simple,0,9.4,0,0.0
L8-X119,2028-01-22,L8-N099,1,B,confirmación_con_ventana,0,8.6,0,0.0
L8-X120,2028-01-23,L8-N100,1,B,confirmación_con_ventana,1,8.2,0,254.32
L8-X121,2027-11-03,L8-N041,1,A,confirmación_simple,0,9.5,0,0.0
L8-X122,2027-11-04,L8-N042,1,B,confirmación_con_ventana,1,8.2,0,223.4
L8-X123,2027-11-05,L8-N043,1,B,confirmación_con_ventana,0,8.0,0,0.0
L8-X124,2027-11-06,L8-N044,1,A,confirmación_simple,1,7.4,0,207.68
L8-X125,2027-11-07,L8-N045,1,A,confirmación_simple,1,7.3,0,176.35
L8-X126,2027-11-10,L8-N046,1,B,confirmación_con_ventana,0,8.3,0,0.0
L8-X127,2027-11-11,L8-N047,1,A,confirmación_simple,1,3.1,0,220.46
L8-X128,2027-11-12,L8-N048,1,A,confirmación_simple,1,6.4,0,262.37
L8-X129,2027-11-13,L8-N049,1,B,confirmación_con_ventana,1,8.3,0,182.45
L8-X130,2027-11-14,L8-N050,1,A,confirmación_simple,1,6.8,0,192.62
L8-X131,2027-11-17,L8-N051,1,B,confirmación_con_ventana,0,6.1,0,0.0
L8-X132,2027-11-18,L8-N052,1,A,confirmación_simple,1,8.7,0,183.09
L8-X133,2027-11-19,L8-N053,1,B,confirmación_con_ventana,1,7.5,0,243.47
L8-X134,2027-11-20,L8-N054,1,B,confirmación_con_ventana,1,6.3,0,212.49
L8-X135,2027-11-21,L8-N055,1,B,confirmación_con_ventana,1,8.7,0,226.12
L8-X136,2027-11-24,L8-N056,1,A,confirmación_simple,0,8.8,1,0.0
L8-X137,2027-11-25,L8-N057,1,A,confirmación_simple,1,7.7,0,215.92
L8-X138,2027-11-26,L8-N058,1,B,confirmación_con_ventana,1,7.9,0,181.07
L8-X139,2027-11-27,L8-N059,1,A,confirmación_simple,1,8.9,0,192.33
L8-X140,2027-11-28,L8-N060,1,A,confirmación_simple,1,7.9,0,209.5
L8-X141,2027-12-01,L8-N061,1,A,confirmación_simple,1,8.8,0,241.9
L8-X142,2027-12-02,L8-N062,1,A,confirmación_simple,0,5.9,0,0.0
L8-X143,2027-12-03,L8-N063,1,B,confirmación_con_ventana,1,7.8,0,305.17
L8-X144,2027-12-04,L8-N064,1,B,confirmación_con_ventana,0,10.3,0,0.0
L8-X145,2027-12-05,L8-N065,1,A,confirmación_simple,0,6.3,0,0.0
L8-X146,2027-12-08,L8-N066,1,B,confirmación_con_ventana,1,7.9,0,256.46
L8-X147,2027-12-09,L8-N067,1,B,confirmación_con_ventana,1,7.8,0,169.87
L8-X148,2027-12-10,L8-N068,1,A,confirmación_simple,1,8.0,0,159.87
L8-X149,2027-12-11,L8-N069,1,A,confirmación_simple,1,5.1,0,271.26
L8-X150,2027-12-12,L8-N070,1,B,confirmación_con_ventana,1,6.9,0,296.07
L8-X151,2027-12-15,L8-N071,1,B,confirmación_con_ventana,1,6.5,0,193.12
L8-X152,2027-12-16,L8-N072,1,A,confirmación_simple,1,6.6,0,213.71
L8-X153,2027-12-17,L8-N073,1,B,confirmación_con_ventana,1,9.1,0,213.06
L8-X154,2027-12-18,L8-N074,1,B,confirmación_con_ventana,0,9.9,0,0.0
L8-X155,2027-12-19,L8-N075,1,A,confirmación_simple,1,7.7,0,247.1
L8-X156,2027-12-22,L8-N076,1,A,confirmación_simple,1,6.4,0,196.05
L8-X157,2027-12-23,L8-N077,1,B,confirmación_con_ventana,1,7.3,0,252.0
L8-X158,2027-12-24,L8-N078,1,B,confirmación_con_ventana,1,6.9,0,211.95
L8-X159,2027-12-25,L8-N079,1,B,confirmación_con_ventana,1,5.3,0,165.55
L8-X160,2027-12-26,L8-N080,1,B,confirmación_con_ventana,0,8.7,0,0.0
L8-X161,2027-12-29,L8-N081,1,A,confirmación_simple,0,6.8,0,0.0
L8-X162,2027-12-30,L8-N082,1,A,confirmación_simple,0,8.8,0,0.0
L8-X163,2027-12-31,L8-N083,1,B,confirmación_con_ventana,1,6.0,0,207.2
L8-X164,2028-01-01,L8-N084,1,B,confirmación_con_ventana,1,6.4,0,208.07
L8-X165,2028-01-02,L8-N085,1,B,confirmación_con_ventana,1,8.0,0,208.18
L8-X166,2028-01-05,L8-N086,1,B,confirmación_con_ventana,1,8.4,0,203.03
L8-X167,2028-01-06,L8-N087,1,A,confirmación_simple,0,9.6,0,0.0
L8-X168,2028-01-07,L8-N088,1,B,confirmación_con_ventana,1,7.4,0,256.03
L8-X169,2028-01-08,L8-N089,1,A,confirmación_simple,1,8.1,0,234.25
L8-X170,2028-01-09,L8-N090,1,A,confirmación_simple,1,7.5,0,168.89
L8-X171,2028-01-12,L8-N091,1,B,confirmación_con_ventana,1,7.7,0,204.53
L8-X172,2028-01-13,L8-N092,1,A,confirmación_simple,1,7.5,0,182.61
L8-X173,2028-01-14,L8-N093,1,A,confirmación_simple,1,6.5,0,286.31
L8-X174,2028-01-15,L8-N094,1,B,confirmación_con_ventana,1,7.3,0,164.46
L8-X175,2028-01-16,L8-N095,1,A,confirmación_simple,0,7.2,0,0.0
L8-X176,2028-01-19,L8-N096,1,B,confirmación_con_ventana,1,8.1,0,196.33
L8-X177,2028-01-20,L8-N097,1,B,confirmación_con_ventana,1,8.0,0,201.7
L8-X178,2028-01-21,L8-N098,1,A,confirmación_simple,1,5.6,0,217.57
L8-X179,2028-01-22,L8-N099,1,A,confirmación_simple,1,7.2,0,183.0
L8-X180,2028-01-23,L8-N100,1,A,confirmación_simple,0,9.6,0,0.0
L8-X181,2027-11-03,L8-N041,1,B,confirmación_con_ventana,1,7.5,0,221.99
L8-X182,2027-11-04,L8-N042,1,B,confirmación_con_ventana,1,8.2,0,216.78
L8-X183,2027-11-05,L8-N043,1,A,confirmación_simple,1,6.6,0,215.65
L8-X184,2027-11-06,L8-N044,1,B,confirmación_con_ventana,1,7.4,0,202.73
L8-X185,2027-11-07,L8-N045,1,B,confirmación_con_ventana,1,8.6,0,214.68
L8-X186,2027-11-10,L8-N046,1,B,confirmación_con_ventana,1,8.0,0,180.89
L8-X187,2027-11-11,L8-N047,1,B,confirmación_con_ventana,1,8.8,0,262.99
L8-X188,2027-11-12,L8-N048,1,B,confirmación_con_ventana,0,6.8,0,0.0
L8-X189,2027-11-13,L8-N049,1,B,confirmación_con_ventana,1,7.7,0,264.3
L8-X190,2027-11-14,L8-N050,1,A,confirmación_simple,1,5.6,0,203.27
L8-X191,2027-11-17,L8-N051,1,A,confirmación_simple,0,6.3,0,0.0
L8-X192,2027-11-18,L8-N052,1,A,confirmación_simple,1,7.0,0,190.15
L8-X193,2027-11-19,L8-N053,1,B,confirmación_con_ventana,1,8.3,0,235.18
L8-X194,2027-11-20,L8-N054,1,A,confirmación_simple,1,7.1,0,211.26
L8-X195,2027-11-21,L8-N055,1,B,confirmación_con_ventana,0,8.1,0,0.0
L8-X196,2027-11-24,L8-N056,1,B,confirmación_con_ventana,0,7.7,0,0.0
L8-X197,2027-11-25,L8-N057,1,A,confirmación_simple,1,6.4,0,225.97
L8-X198,2027-11-26,L8-N058,1,B,confirmación_con_ventana,1,10.5,0,260.95
L8-X199,2027-11-27,L8-N059,1,A,confirmación_simple,1,9.3,0,216.69
L8-X200,2027-11-28,L8-N060,1,B,confirmación_con_ventana,1,7.9,0,279.66
L8-X201,2027-12-01,L8-N061,1,B,confirmación_con_ventana,1,7.6,0,215.98
L8-X202,2027-12-02,L8-N062,1,A,confirmación_simple,1,5.3,0,246.15
L8-X203,2027-12-03,L8-N063,1,A,confirmación_simple,0,8.0,0,0.0
L8-X204,2027-12-04,L8-N064,1,B,confirmación_con_ventana,1,5.8,0,154.53
L8-X205,2027-12-05,L8-N065,1,A,confirmación_simple,1,7.4,0,175.9
L8-X206,2027-12-08,L8-N066,1,B,confirmación_con_ventana,1,7.4,0,243.39
L8-X207,2027-12-09,L8-N067,1,A,confirmación_simple,1,9.4,0,226.27
L8-X208,2027-12-10,L8-N068,1,B,confirmación_con_ventana,1,6.6,0,229.28
L8-X209,2027-12-11,L8-N069,1,A,confirmación_simple,0,6.4,0,0.0
L8-X210,2027-12-12,L8-N070,1,A,confirmación_simple,1,6.8,0,239.87
L8-X211,2027-12-15,L8-N071,1,A,confirmación_simple,0,4.1,1,0.0
L8-X212,2027-12-16,L8-N072,1,B,confirmación_con_ventana,1,8.6,0,222.03
L8-X213,2027-12-17,L8-N073,1,B,confirmación_con_ventana,1,7.9,0,209.11
L8-X214,2027-12-18,L8-N074,1,B,confirmación_con_ventana,1,8.6,0,219.2
L8-X215,2027-12-19,L8-N075,1,A,confirmación_simple,0,7.8,0,0.0
L8-X216,2027-12-22,L8-N076,1,B,confirmación_con_ventana,1,6.6,0,152.43
L8-X217,2027-12-23,L8-N077,1,A,confirmación_simple,0,6.6,0,0.0
L8-X218,2027-12-24,L8-N078,1,B,confirmación_con_ventana,0,6.5,1,0.0
L8-X219,2027-12-25,L8-N079,1,B,confirmación_con_ventana,0,9.9,0,0.0
L8-X220,2027-12-26,L8-N080,1,A,confirmación_simple,1,10.0,0,211.7
L8-X221,2027-12-29,L8-N081,1,A,confirmación_simple,0,8.4,0,0.0
L8-X222,2027-12-30,L8-N082,1,A,confirmación_simple,0,5.3,1,0.0
L8-X223,2027-12-31,L8-N083,1,B,confirmación_con_ventana,1,7.9,0,225.6
L8-X224,2028-01-01,L8-N084,1,B,confirmación_con_ventana,1,6.0,0,253.13
L8-X225,2028-01-02,L8-N085,1,A,confirmación_simple,1,6.6,0,238.68
L8-X226,2028-01-05,L8-N086,1,A,confirmación_simple,0,8.6,0,0.0
L8-X227,2028-01-06,L8-N087,1,A,confirmación_simple,1,8.4,0,199.34
L8-X228,2028-01-07,L8-N088,1,A,confirmación_simple,1,6.1,0,226.36
L8-X229,2028-01-08,L8-N089,1,B,confirmación_con_ventana,1,7.2,0,222.28
L8-X230,2028-01-09,L8-N090,1,A,confirmación_simple,0,7.0,0,0.0
L8-X231,2028-01-12,L8-N091,1,B,confirmación_con_ventana,1,9.5,0,171.75
L8-X232,2028-01-13,L8-N092,1,A,confirmación_simple,1,7.6,0,188.47
L8-X233,2028-01-14,L8-N093,1,B,confirmación_con_ventana,1,6.9,0,194.0
L8-X234,2028-01-15,L8-N094,1,A,confirmación_simple,1,6.0,0,242.29
L8-X235,2028-01-16,L8-N095,1,A,confirmación_simple,0,8.8,0,0.0
L8-X236,2028-01-19,L8-N096,1,A,confirmación_simple,1,8.7,0,270.84
L8-X237,2028-01-20,L8-N097,1,A,confirmación_simple,1,8.5,0,191.74
L8-X238,2028-01-21,L8-N098,1,A,confirmación_simple,0,5.4,0,0.0
L8-X239,2028-01-22,L8-N099,1,A,confirmación_simple,0,7.0,0,0.0
L8-X240,2028-01-23,L8-N100,1,B,confirmación_con_ventana,1,8.5,0,205.59
L8-X241,2027-11-03,L8-N041,1,B,confirmación_con_ventana,0,5.2,0,0.0
L8-X242,2027-11-04,L8-N042,1,B,confirmación_con_ventana,1,7.8,0,211.46
L8-X243,2027-11-05,L8-N043,1,A,confirmación_simple,0,4.3,0,0.0
L8-X244,2027-11-06,L8-N044,1,A,confirmación_simple,0,5.5,0,0.0
L8-X245,2027-11-07,L8-N045,1,B,confirmación_con_ventana,1,7.6,0,224.7
L8-X246,2027-11-10,L8-N046,1,A,confirmación_simple,1,8.6,0,189.03
L8-X247,2027-11-11,L8-N047,1,B,confirmación_con_ventana,1,6.3,0,177.04
L8-X248,2027-11-12,L8-N048,1,A,confirmación_simple,1,6.8,0,225.65
L8-X249,2027-11-13,L8-N049,1,B,confirmación_con_ventana,0,9.4,0,0.0
L8-X250,2027-11-14,L8-N050,1,B,confirmación_con_ventana,1,6.7,0,235.62
L8-X251,2027-11-17,L8-N051,1,A,confirmación_simple,0,9.0,0,0.0
L8-X252,2027-11-18,L8-N052,1,B,confirmación_con_ventana,1,9.5,0,163.42
L8-X253,2027-11-19,L8-N053,1,B,confirmación_con_ventana,1,8.3,0,229.89
L8-X254,2027-11-20,L8-N054,1,A,confirmación_simple,0,4.1,0,0.0
L8-X255,2027-11-21,L8-N055,1,B,confirmación_con_ventana,0,7.8,0,0.0
L8-X256,2027-11-24,L8-N056,1,B,confirmación_con_ventana,1,8.6,0,253.42
L8-X257,2027-11-25,L8-N057,1,A,confirmación_simple,1,5.4,0,246.92
L8-X258,2027-11-26,L8-N058,1,B,confirmación_con_ventana,1,9.0,0,275.06
L8-X259,2027-11-27,L8-N059,1,B,confirmación_con_ventana,0,6.4,0,0.0
L8-X260,2027-11-28,L8-N060,1,B,confirmación_con_ventana,1,7.5,0,204.15
L8-X261,2027-12-01,L8-N061,1,A,confirmación_simple,1,6.9,0,228.01
L8-X262,2027-12-02,L8-N062,1,A,confirmación_simple,0,7.8,0,0.0
L8-X263,2027-12-03,L8-N063,1,A,confirmación_simple,1,7.7,0,211.0
L8-X264,2027-12-04,L8-N064,1,A,confirmación_simple,0,7.6,0,0.0
L8-X265,2027-12-05,L8-N065,1,A,confirmación_simple,1,7.4,0,228.11
L8-X266,2027-12-08,L8-N066,1,A,confirmación_simple,0,6.7,0,0.0
L8-X267,2027-12-09,L8-N067,1,B,confirmación_con_ventana,1,6.9,0,270.51
L8-X268,2027-12-10,L8-N068,1,A,confirmación_simple,0,5.8,0,0.0
L8-X269,2027-12-11,L8-N069,1,A,confirmación_simple,1,9.9,0,205.59
L8-X270,2027-12-12,L8-N070,1,A,confirmación_simple,1,8.6,0,215.82
L8-X271,2027-12-15,L8-N071,1,B,confirmación_con_ventana,1,8.4,0,294.66
L8-X272,2027-12-16,L8-N072,1,A,confirmación_simple,0,8.0,0,0.0
L8-X273,2027-12-17,L8-N073,1,B,confirmación_con_ventana,1,7.6,0,217.06
L8-X274,2027-12-18,L8-N074,1,B,confirmación_con_ventana,1,6.0,0,176.61
L8-X275,2027-12-19,L8-N075,1,B,confirmación_con_ventana,1,7.8,0,192.27
L8-X276,2027-12-22,L8-N076,1,A,confirmación_simple,1,10.1,0,243.45
L8-X277,2027-12-23,L8-N077,1,B,confirmación_con_ventana,1,6.7,0,181.56
L8-X278,2027-12-24,L8-N078,1,B,confirmación_con_ventana,1,9.6,0,180.78
L8-X279,2027-12-25,L8-N079,1,A,confirmación_simple,0,8.1,1,0.0
L8-X280,2027-12-26,L8-N080,1,B,confirmación_con_ventana,1,6.5,0,247.31
L8-X281,2027-12-29,L8-N081,1,A,confirmación_simple,1,7.7,0,209.29
L8-X282,2027-12-30,L8-N082,1,B,confirmación_con_ventana,1,7.8,0,176.73
L8-X283,2027-12-31,L8-N083,1,A,confirmación_simple,1,9.0,0,218.32
L8-X284,2028-01-01,L8-N084,1,A,confirmación_simple,0,8.5,0,0.0
L8-X285,2028-01-02,L8-N085,1,A,confirmación_simple,0,7.3,0,0.0
L8-X286,2028-01-05,L8-N086,1,B,confirmación_con_ventana,1,4.4,0,241.15
L8-X287,2028-01-06,L8-N087,1,A,confirmación_simple,1,8.6,0,202.75
L8-X288,2028-01-07,L8-N088,1,A,confirmación_simple,1,8.1,0,250.32
L8-X289,2028-01-08,L8-N089,1,A,confirmación_simple,1,6.9,0,187.02
L8-X290,2028-01-09,L8-N090,1,A,confirmación_simple,0,4.5,0,0.0
L8-X291,2028-01-12,L8-N091,1,B,confirmación_con_ventana,1,8.0,0,204.1
L8-X292,2028-01-13,L8-N092,1,B,confirmación_con_ventana,1,6.0,0,240.61
L8-X293,2028-01-14,L8-N093,1,B,confirmación_con_ventana,0,6.0,0,0.0
L8-X294,2028-01-15,L8-N094,1,A,confirmación_simple,0,7.3,0,0.0
L8-X295,2028-01-16,L8-N095,1,A,confirmación_simple,1,5.6,0,203.11
L8-X296,2028-01-19,L8-N096,1,A,confirmación_simple,1,5.9,0,222.17
L8-X297,2028-01-20,L8-N097,1,A,confirmación_simple,1,6.8,0,243.53
L8-X298,2028-01-21,L8-N098,1,A,confirmación_simple,1,7.7,0,231.31
L8-X299,2028-01-22,L8-N099,1,A,confirmación_simple,1,9.1,0,236.78
L8-X300,2028-01-23,L8-N100,1,A,confirmación_simple,1,9.7,0,207.55
L8-X301,2027-11-03,L8-N041,1,B,confirmación_con_ventana,0,8.2,0,0.0
L8-X302,2027-11-04,L8-N042,1,B,confirmación_con_ventana,1,8.7,0,238.25
L8-X303,2027-11-05,L8-N043,1,A,confirmación_simple,1,9.7,0,205.37
L8-X304,2027-11-06,L8-N044,1,A,confirmación_simple,1,8.2,0,186.05
L8-X305,2027-11-07,L8-N045,1,A,confirmación_simple,0,8.5,0,0.0
L8-X306,2027-11-10,L8-N046,1,A,confirmación_simple,0,5.9,0,0.0
L8-X307,2027-11-11,L8-N047,1,A,confirmación_simple,0,6.2,0,0.0
L8-X308,2027-11-12,L8-N048,1,B,confirmación_con_ventana,1,9.3,0,238.86
L8-X309,2027-11-13,L8-N049,1,B,confirmación_con_ventana,1,8.2,0,221.99
L8-X310,2027-11-14,L8-N050,1,B,confirmación_con_ventana,1,7.6,0,206.78
L8-X311,2027-11-17,L8-N051,1,B,confirmación_con_ventana,1,8.5,0,250.86
L8-X312,2027-11-18,L8-N052,1,B,confirmación_con_ventana,1,8.5,0,178.78
L8-X313,2027-11-19,L8-N053,1,A,confirmación_simple,1,6.1,0,233.06
L8-X314,2027-11-20,L8-N054,1,A,confirmación_simple,0,8.2,1,0.0
L8-X315,2027-11-21,L8-N055,1,A,confirmación_simple,0,7.5,0,0.0
L8-X316,2027-11-24,L8-N056,1,B,confirmación_con_ventana,1,8.4,0,196.18
L8-X317,2027-11-25,L8-N057,1,A,confirmación_simple,0,9.3,0,0.0
L8-X318,2027-11-26,L8-N058,1,A,confirmación_simple,1,7.8,0,240.57
L8-X319,2027-11-27,L8-N059,1,B,confirmación_con_ventana,1,6.6,0,276.02
L8-X320,2027-11-28,L8-N060,1,A,confirmación_simple,1,4.9,0,207.56
L8-X321,2027-12-01,L8-N061,1,B,confirmación_con_ventana,0,6.9,0,0.0
L8-X322,2027-12-02,L8-N062,1,B,confirmación_con_ventana,1,5.8,0,206.53
L8-X323,2027-12-03,L8-N063,1,B,confirmación_con_ventana,0,9.1,0,0.0
L8-X324,2027-12-04,L8-N064,1,A,confirmación_simple,1,6.5,0,228.08
L8-X325,2027-12-05,L8-N065,1,A,confirmación_simple,0,8.5,0,0.0
L8-X326,2027-12-08,L8-N066,1,B,confirmación_con_ventana,1,7.4,0,213.22
L8-X327,2027-12-09,L8-N067,1,B,confirmación_con_ventana,1,7.1,0,258.14
L8-X328,2027-12-10,L8-N068,1,A,confirmación_simple,1,7.1,0,233.27
L8-X329,2027-12-11,L8-N069,1,A,confirmación_simple,1,5.5,0,230.7
L8-X330,2027-12-12,L8-N070,1,A,confirmación_simple,1,8.1,0,201.08
L8-X331,2027-12-15,L8-N071,1,A,confirmación_simple,0,7.5,0,0.0
L8-X332,2027-12-16,L8-N072,1,B,confirmación_con_ventana,0,9.1,1,0.0
L8-X333,2027-12-17,L8-N073,1,A,confirmación_simple,1,8.3,0,204.98
L8-X334,2027-12-18,L8-N074,1,B,confirmación_con_ventana,1,7.7,0,192.08
L8-X335,2027-12-19,L8-N075,1,A,confirmación_simple,1,6.6,0,275.13
L8-X336,2027-12-22,L8-N076,1,A,confirmación_simple,0,7.7,0,0.0
L8-X337,2027-12-23,L8-N077,1,B,confirmación_con_ventana,1,8.9,0,181.28
L8-X338,2027-12-24,L8-N078,1,A,confirmación_simple,0,8.3,0,0.0
L8-X339,2027-12-25,L8-N079,1,A,confirmación_simple,1,7.2,0,183.26
L8-X340,2027-12-26,L8-N080,1,B,confirmación_con_ventana,0,9.4,0,0.0
L8-X341,2027-12-29,L8-N081,1,A,confirmación_simple,1,7.4,0,237.04
L8-X342,2027-12-30,L8-N082,1,B,confirmación_con_ventana,0,7.7,0,0.0
L8-X343,2027-12-31,L8-N083,1,A,confirmación_simple,1,6.0,0,189.85
L8-X344,2028-01-01,L8-N084,1,B,confirmación_con_ventana,1,8.2,0,210.34
L8-X345,2028-01-02,L8-N085,1,A,confirmación_simple,1,4.6,0,159.19
L8-X346,2028-01-05,L8-N086,1,B,confirmación_con_ventana,1,7.7,0,194.61
L8-X347,2028-01-06,L8-N087,1,A,confirmación_simple,1,9.6,0,188.19
L8-X348,2028-01-07,L8-N088,1,B,confirmación_con_ventana,1,7.6,0,233.74
L8-X349,2028-01-08,L8-N089,1,A,confirmación_simple,1,8.3,0,189.86
L8-X350,2028-01-09,L8-N090,1,B,confirmación_con_ventana,1,8.7,0,173.05
L8-X351,2028-01-12,L8-N091,1,B,confirmación_con_ventana,1,10.1,0,221.83
L8-X352,2028-01-13,L8-N092,1,B,confirmación_con_ventana,1,7.6,0,219.25
L8-X353,2028-01-14,L8-N093,1,B,confirmación_con_ventana,1,8.6,0,208.58
L8-X354,2028-01-15,L8-N094,1,B,confirmación_con_ventana,1,7.4,0,196.28
L8-X355,2028-01-16,L8-N095,1,A,confirmación_simple,1,6.8,0,114.42
L8-X356,2028-01-19,L8-N096,1,A,confirmación_simple,1,6.4,0,224.52
L8-X357,2028-01-20,L8-N097,1,B,confirmación_con_ventana,1,9.1,0,181.61
L8-X358,2028-01-21,L8-N098,1,B,confirmación_con_ventana,1,4.5,0,202.42
L8-X359,2028-01-22,L8-N099,1,A,confirmación_simple,1,9.9,0,253.82
L8-X360,2028-01-23,L8-N100,1,B,confirmación_con_ventana,1,9.8,0,232.88
L8-X361,2027-11-03,L8-N041,1,A,confirmación_simple,0,5.5,0,0.0
L8-X362,2027-11-04,L8-N042,1,A,confirmación_simple,1,8.6,0,197.99
L8-X363,2027-11-05,L8-N043,1,A,confirmación_simple,1,6.7,0,165.26
L8-X364,2027-11-06,L8-N044,1,A,confirmación_simple,0,4.9,0,0.0
L8-X365,2027-11-07,L8-N045,1,A,confirmación_simple,1,5.1,0,222.23
L8-X366,2027-11-10,L8-N046,1,B,confirmación_con_ventana,1,8.3,0,222.45
L8-X367,2027-11-11,L8-N047,1,B,confirmación_con_ventana,1,7.6,0,196.38
L8-X368,2027-11-12,L8-N048,1,B,confirmación_con_ventana,1,6.3,0,183.31
L8-X369,2027-11-13,L8-N049,1,A,confirmación_simple,1,8.3,0,182.45
L8-X370,2027-11-14,L8-N050,1,A,confirmación_simple,1,7.5,0,220.94
L8-X371,2027-11-17,L8-N051,1,A,confirmación_simple,1,5.7,0,123.47
L8-X372,2027-11-18,L8-N052,1,A,confirmación_simple,0,3.5,0,0.0
L8-X373,2027-11-19,L8-N053,1,A,confirmación_simple,1,7.5,0,209.29
L8-X374,2027-11-20,L8-N054,1,B,confirmación_con_ventana,1,8.8,0,210.43
L8-X375,2027-11-21,L8-N055,1,B,confirmación_con_ventana,1,9.5,0,222.4
L8-X376,2027-11-24,L8-N056,1,B,confirmación_con_ventana,1,7.8,0,192.32
L8-X377,2027-11-25,L8-N057,1,B,confirmación_con_ventana,1,6.0,0,218.1
L8-X378,2027-11-26,L8-N058,1,B,confirmación_con_ventana,1,6.3,0,164.39
L8-X379,2027-11-27,L8-N059,1,A,confirmación_simple,1,10.5,0,242.31
L8-X380,2027-11-28,L8-N060,1,B,confirmación_con_ventana,1,9.0,0,175.98
L8-X381,2027-12-01,L8-N061,1,A,confirmación_simple,1,5.3,0,207.49
L8-X382,2027-12-02,L8-N062,1,A,confirmación_simple,0,8.8,0,0.0
L8-X383,2027-12-03,L8-N063,1,B,confirmación_con_ventana,1,11.0,0,264.6
L8-X384,2027-12-04,L8-N064,1,B,confirmación_con_ventana,1,9.2,0,180.62
L8-X385,2027-12-05,L8-N065,1,B,confirmación_con_ventana,1,7.1,0,192.27
L8-X386,2027-12-08,L8-N066,1,A,confirmación_simple,0,9.2,0,0.0
L8-X387,2027-12-09,L8-N067,1,A,confirmación_simple,1,7.1,0,243.7
L8-X388,2027-12-10,L8-N068,1,A,confirmación_simple,0,8.9,0,0.0
L8-X389,2027-12-11,L8-N069,1,A,confirmación_simple,0,4.1,0,0.0
L8-X390,2027-12-12,L8-N070,1,B,confirmación_con_ventana,1,7.4,0,234.9
L8-X391,2027-12-15,L8-N071,1,B,confirmación_con_ventana,1,7.3,0,255.39
L8-X392,2027-12-16,L8-N072,1,B,confirmación_con_ventana,0,7.8,0,0.0
L8-X393,2027-12-17,L8-N073,1,B,confirmación_con_ventana,1,4.4,0,238.86
L8-X394,2027-12-18,L8-N074,1,B,confirmación_con_ventana,1,7.7,0,180.45
L8-X395,2027-12-19,L8-N075,1,B,confirmación_con_ventana,0,9.3,0,0.0
L8-X396,2027-12-22,L8-N076,1,B,confirmación_con_ventana,1,8.4,0,240.81
L8-X397,2027-12-23,L8-N077,1,B,confirmación_con_ventana,1,8.3,0,208.81
L8-X398,2027-12-24,L8-N078,1,B,confirmación_con_ventana,0,7.4,0,0.0
L8-X399,2027-12-25,L8-N079,1,A,confirmación_simple,0,8.6,1,0.0
L8-X400,2027-12-26,L8-N080,1,A,confirmación_simple,0,10.5,0,0.0
